"PM_US.Post","HUMI","TEMP","PRES","Iws","date"
3506.03638194391,923,162,24410,347,2010-01-01
3464,1870.5,123,24594,596.64,2010-01-02
1881,2110,205,24547,872.002641673394,2010-01-03
703,1109,276,24703,1136.86972676505,2010-01-04
1045,1009,347,24807,412.118651477495,2010-01-05
1425,941,301,24810,444.28,2010-01-06
1739,1176,300,24818,244.08,2010-01-07
4184,1549,281,24672,47.35,2010-01-08
2034,1374,219,24697,319.17,2010-01-09
1322,1356,210,24780,417.98,2010-01-10
478,898,209,24824,711.179603271651,2010-01-11
492,938,296.252295691066,24737,789.168530639914,2010-01-12
1025,905,240,24731,435.217806675645,2010-01-13
2210,1277,228,24605,317.73,2010-01-14
1196,1075,169,24884,297.16,2010-01-15
4385,1613,202,24793,64.27,2010-01-16
5040,1652,174,24692,99.23,2010-01-17
6321,1685,124,24642,117.99,2010-01-18
7743.50030210257,1773,23,24496,114.92,2010-01-19
1702,1194,38,24725,789.285875426136,2010-01-20
666,711,147,24873,500.745445732493,2010-01-21
720,763,110,24825,1023.47691865895,2010-01-22
1283.91751534333,714,74,24672,645.012071237748,2010-01-23
2913.74348197224,956,138,24514,508.687257814486,2010-01-24
3513.24448837801,543,89,24780,501.86471774969,2010-01-25
4805.06433697523,1174,144,24593,75.52,2010-01-26
2657,963,97,24389,592.97,2010-01-27
507,615,39,24628,594.288640778943,2010-01-28
615,458,105,24548,763.986772433114,2010-01-29
1087,539,95,24469,730.771687074691,2010-01-30
922,695,56,24581,519.714833808152,2010-01-31
1552,1404,71,24642,312.91,2010-02-01
1582,1181,132,24679,143.03,2010-02-02
1895,834,140,24684,358.02,2010-02-03
1349,757,129,24643,134.55,2010-02-04
1886,1094,98,24716,113.56,2010-02-05
1840,1597,120,24733,547.65,2010-02-06
2734,2026,104,24544,138.5,2010-02-07
4343,1841,75,24461,78.19,2010-02-08
3543,1314,71,24571,79.09,2010-02-09
293,446,38,24743,889.631044559721,2010-02-10
350,531,88,24857,392.999408573276,2010-02-11
645,652,125,24838,164.47,2010-02-12
2117,902,134,24691,215,2010-02-13
783.576689917966,720,101,24781,218.59,2010-02-14
821,646,133,24843,143.45,2010-02-15
2307,1023,149,24725,180.06,2010-02-16
1458,727,67,24630,601.890330272044,2010-02-17
2021,723,127,24569,110.79,2010-02-18
2757,843,150,24399,89.7,2010-02-19
4340,1088,123,24305,87.57,2010-02-20
2911,1055,143,24319,350.05,2010-02-21
2204,1364,50,24446,482.43,2010-02-22
4189,1528,94,24213.8250854844,39.73,2010-02-23
6546,1495,121,24152.1932443886,229.32,2010-02-24
3959,1682,98,24374.6648458098,525.68,2010-02-25
1663,1275,44,24501,689.252133686102,2010-02-26
1922,1678,30,24468,439.61,2010-02-27
1949,1591,51,24538,352.21,2010-02-28
1422,1987,61,24548,945.998049747663,2010-03-01
2170,1305,113,24508,505.69477454912,2010-03-02
3778,1341,58,24549,170.75,2010-03-03
4616,1574,62,24372,190.49,2010-03-04
523,515,37,24647,723.015938441592,2010-03-05
1244,777,62,24808,630.108992558172,2010-03-06
2108,1339,61,24846,279.44,2010-03-07
1089,1851,80,24948.6803229841,338.58,2010-03-08
473,780,87,24849,986.065426164243,2010-03-09
1485,917,140,24513,275.29,2010-03-10
4231,1208,105,24225.6231949627,107.7,2010-03-11
1047,589,133,24418,543.380196230107,2010-03-12
1449,969,75,24633,520.99,2010-03-13
2079,1935,20,24502,248.16,2010-03-14
1506,1069,42,24557,715.104396465016,2010-03-15
1557,1123,102,24557,97.02,2010-03-16
974,779,76,24632,384.44,2010-03-17
3954,1798,44.8716136475575,24481,116.18,2010-03-18
5424,2002,105,24084.3852186163,72.76,2010-03-19
2752.5885847511,1045,167,24201,790.536262922452,2010-03-20
1693,898,179,24330,276.40352267505,2010-03-21
2728.09783227466,826,207,24337,532.120391406285,2010-03-22
1293,822,183,24503,661.871272350644,2010-03-23
1486,1038,162,24536,334.107813971806,2010-03-24
745,964,105,24625,330.28,2010-03-25
1668,797,168,24457,227.51,2010-03-26
1671,862,141,24606,395.63,2010-03-27
1774,1012,175,24635,347.39,2010-03-28
5325,1441,181,24563,272.26,2010-03-29
4137.83923666539,2092,204,24411,232.48,2010-03-30
1574.5795440813,1427,267,24346,261.43,2010-03-31
647.373017644104,367,208,24483,923.935767158622,2010-04-01
759,541,157,24489,598.090367542987,2010-04-02
2565,844,194,24406,526.6,2010-04-03
2979,804,332,24231,172.55,2010-04-04
3073,1312,262,24336,251.25,2010-04-05
511,529,252,24608,409.42,2010-04-06
2274,748,286,24481,600.062354346192,2010-04-07
2597,958,350,24198,601.35427719613,2010-04-08
2003,1316,304.048872800292,24275,460.89,2010-04-09
817,707,254,24423,423.29,2010-04-10
1698,1581,150,24408,722.48519820831,2010-04-11
1068,1092,170,24432,893.446653645716,2010-04-12
575,450,153.443701313787,24642.4438514455,527.359368120137,2010-04-13
1342,787,180.186852799283,24629.74267983,206.54,2010-04-14
4262,1640,169.562129240388,24494,709.525130071875,2010-04-15
4920,1643,206,24436,393.71,2010-04-16
3657,1678,206,24514,921.919188060814,2010-04-17
5766,1545,325,24310,76.9,2010-04-18
4788,1594,341,24341,394.71,2010-04-19
1926,1358,333,24458,178.35,2010-04-20
936,1233,289,24533,353.08,2010-04-21
949,1818,227,24503,320.12,2010-04-22
804,1010,317,24488,258.85,2010-04-23
2130,863,403,24392,847.992620001784,2010-04-24
2012,1526.5,332,24350,446.324583404779,2010-04-25
324,903,214.527656130595,24325,593.29,2010-04-26
603,569,209,24223,1527.87499414174,2010-04-27
387,569,252,24302,697.267716439618,2010-04-28
457,582,337,24317,952.872243036082,2010-04-29
697,482,441,24331,483.725659813432,2010-04-30
1678,715,500,24146,410.65,2010-05-01
1834,658,573,24054,474.23,2010-05-02
2719,810,472,24179,110.38,2010-05-03
3342,1482,472,24061,295.88,2010-05-04
2862,1488,452,23954.00708561,1098.22760034533,2010-05-05
487,651,495,24144,622.384288513425,2010-05-06
2316,742,520,24080,749.295748978664,2010-05-07
3168,1062,469,24163,338.568994564351,2010-05-08
1910,904,415,24170,625.932572784096,2010-05-09
1017,857,404,24143,714.918032328026,2010-05-10
424,832,431,24353,173.489911688618,2010-05-11
1051,1169,418,24429,329.98,2010-05-12
1624,1091,449,24420,321.38,2010-05-13
3426,1371,432,24360,227.58,2010-05-14
4250,1420,515,24302,204.27,2010-05-15
2583,1617,449,24336,1281.3782240606,2010-05-16
1640.75689263079,1961,395,24233,155.674850496541,2010-05-17
1202,1564,421,24049,467.55,2010-05-18
826,878,578,23995,329.85,2010-05-19
1570,794,610,24113,333.4,2010-05-20
2733,1115,561,24170,466.68,2010-05-21
3552,1265,538,24137,181.84,2010-05-22
2957,1143,580,24013,182.35,2010-05-23
1019,923,562,24077,545.338445260756,2010-05-24
824,622,597,24249,197.63,2010-05-25
2009,1006,604,24308,530.67,2010-05-26
2393.77808357629,1631,500,24359,89.84,2010-05-27
3226,2001,459,24233,96.56,2010-05-28
3302,1484,547,24117,151.9,2010-05-29
991,1151,557,24172,228.38,2010-05-30
2138,1454,524,24352,181.52,2010-05-31
2521.3639035898,1614,501,24365,117.51,2010-06-01
3182.93832279182,1726,484,24384,79.11,2010-06-02
2660,1447,522,24416,197.04,2010-06-03
3757.34232659358,1294,544,24367,322.6,2010-06-04
7688.47692690574,1230,569,24289,290.9,2010-06-05
4845.4766208815,1166,596,24267,399.09,2010-06-06
3741.99107422204,1341,608,24301,534.64,2010-06-07
2840.24780936979,1111,618,24330,321.92,2010-06-08
1124.28603330278,1071,612,24332,170.26,2010-06-09
1243,1600,507,24320,302.68,2010-06-10
2097,1674,513,24277,162.75,2010-06-11
2556,1477,588,24185,171.65,2010-06-12
2827,1701,562,24125,575.35,2010-06-13
2102,1711,576,24089,227.04,2010-06-14
3467,1554,640,24025,77.31,2010-06-15
2182,1627,608,24009,144.83,2010-06-16
888,2075,470.052293607537,24050,89.38,2010-06-17
1639,1802,523,24081,137.66,2010-06-18
2403,1681,586,24104,134.98,2010-06-19
1732.21490436953,1278,670,24166,274.97,2010-06-20
1844,1304,616,24089,146.16,2010-06-21
2712.84618492518,1346,642,24114,471.59,2010-06-22
1523.21388932715,970,623,24227,234.97,2010-06-23
1904,1129,626,24192,235.17,2010-06-24
3998,1318,622,24192,214.59,2010-06-25
4064,1382,628,24155,201.14,2010-06-26
2850,1309,618,24095,263.35,2010-06-27
3767,1559,634,24043,307.03,2010-06-28
4517,1538,654,24070,333.43,2010-06-29
4281,1644,630,24064,187.34,2010-06-30
2865,2029,573,24009,129.22,2010-07-01
649,1322,686,23990,274.01,2010-07-02
1700,1292,732,23995,217.19,2010-07-03
2229,1245,743,23991,223.52,2010-07-04
1111,907,771.027056075029,23991,358.99,2010-07-05
599,641,789,24005,330.3,2010-07-06
1371,1203,656,24102,226.17,2010-07-07
1112,1038,718,24135,215.95,2010-07-08
2030,1566,612,24150,297.26,2010-07-09
1987,2133,520,24133,305.46,2010-07-10
4021,2057,549,24109,554.51,2010-07-11
2928,2059,549,24151,61.69,2010-07-12
2483,1926,587,24226,188.66,2010-07-13
3149,1941,605,24236,89.38,2010-07-14
4747,2082,578,24152,110.43,2010-07-15
4703,1888,642,24104,209.68,2010-07-16
2897,1723,669,24142,215.96,2010-07-17
3673,1729,678,24136,434.96,2010-07-18
3944,1993,606,24152,811.822039347417,2010-07-19
1020,1684,623,24083,361.13,2010-07-20
1720,1762,649,24149,333.8,2010-07-21
4045,1820,678,24189,227.57,2010-07-22
4060,1678,716,24194,418.86,2010-07-23
2339,1605,724,24242,602.66,2010-07-24
3937,1637,721,24232,573.54,2010-07-25
5078,1802,701,24195,229.78,2010-07-26
4384,1642,731,24105,564.16,2010-07-27
4249,1653,734,23987,579.711799992761,2010-07-28
4829,1895,725,23909,509.22,2010-07-29
5097,2042,669,23972,147.01,2010-07-30
2873,1711,691,24003,344.95,2010-07-31
1038,1486,647,24199,300.39,2010-08-01
1640,1355,629,24194,208.23,2010-08-02
3632,1589,617,24061,218.24,2010-08-03
2729,1974,589,24072,361.98,2010-08-04
504,1156,645,24192,907.407200955029,2010-08-05
528,1228,586,24365,427.239192397686,2010-08-06
1900,1618,588,24261,373.23,2010-08-07
2404,1762,610,24099,211.94,2010-08-08
5831,1803,655,24093,118.06,2010-08-09
3402,1478,659,24150,283.48,2010-08-10
2689,1966,605,24119,520.51,2010-08-11
2233,1773,642,24028,114.4,2010-08-12
4230.4874653664,2019,658,24022,170.78,2010-08-13
11057.2151959491,1188,705,23986,417.68991620443,2010-08-14
7553.09166363341,844,688,24104,471.95,2010-08-15
2698.87654272167,1234,669,24162,268.57,2010-08-16
3528,1431,663,24188,825.24,2010-08-17
5517,1997,612,24244,537.866697295068,2010-08-18
2735,1973,591,24284,218.68,2010-08-19
2712,1875,635,24333,245.43,2010-08-20
892,2108,514,24288,363.9,2010-08-21
567,1621,552,24316,256.12,2010-08-22
2042,1789,569,24329,156.9,2010-08-23
3052,1798,584,24327,374.2,2010-08-24
2164,1761,553,24349,86.24,2010-08-25
1444,1516,601,24342,179.26,2010-08-26
957,1352,596,24302,411.31,2010-08-27
1232,1523,594,24245,278.06,2010-08-28
2726,1652,617,24180,243.21,2010-08-29
2640,1721,611,24187,148.93,2010-08-30
2114,1857,571,24243,124.75,2010-08-31
1672,1856,558,24322,282.11,2010-09-01
2481,1735,583,24355,124.24,2010-09-02
2563,1892,552,24326,138.51,2010-09-03
2203,1658,558,24297,106.41,2010-09-04
2868,1799,578,24262,162.54,2010-09-05
3792,1809,598,24243,70.58,2010-09-06
3107,1695,581,24324,109.45,2010-09-07
2329,1549,527,24355,135.83,2010-09-08
3894,1657,522,24275,303.94,2010-09-09
2393,1319,561,24193,426.94,2010-09-10
2422.87724725717,1226,579,24222,246.35,2010-09-11
2979,1391,592,24251,144.39,2010-09-12
3825,1480,607,24278,159,2010-09-13
4811,1540,598,24312,193.14,2010-09-14
7242,1717,601,24268,420.19,2010-09-15
4606,1924,562,24249,1234.71363995079,2010-09-16
990,2189,386,24300,171.361053861606,2010-09-17
567,2049,362,24353,119.4,2010-09-18
1735.07985211748,1758,461,24309,129.22,2010-09-19
2170,2030,424,24296,197.2,2010-09-20
2166.65020444957,1900,355.941680856462,24496,409.05,2010-09-21
2346.34842555939,1299,365,24551,219.04,2010-09-22
1154.46738276325,1449,399,24447,294.98,2010-09-23
317.926946349415,1559,415,24412,207.81,2010-09-24
742.49855542121,1755,392,24379,305.24,2010-09-25
597.949307071238,1344,432,24411,170.36,2010-09-26
3574.62671096622,993,407,24397,760.213435003894,2010-09-27
7218.38260779214,999,322,24598,228.628245323072,2010-09-28
7225.6024514504,1621,306,24507,95.6,2010-09-29
5120.25417092896,1784,371,24439,69.25,2010-09-30
5301,1889,424,24423,47.34,2010-10-01
685,1677,418,24324,831.766489461503,2010-10-02
237,904,426,24385,736.783502972687,2010-10-03
665,1445,373,24425,126.46,2010-10-04
1971,1695,399,24343,107.27,2010-10-05
5779.83093483213,1948,408,24323,82.19,2010-10-06
8786.41311736295,1979,401,24374,62.51,2010-10-07
8480.16832642629,2001,386,24358,63.44,2010-10-08
8718,2033,368,24259,53.07,2010-10-09
8909,2212,366,24266,59.83,2010-10-10
254,1474,353,24424,400.48,2010-10-11
1404.15899564295,1646,295,24530,118.01,2010-10-12
2663,1757,337,24402,108.09,2010-10-13
363,908,364,24467,846.578139029782,2010-10-14
1036,906,359,24380,551.265190190905,2010-10-15
1742,1554,289,24438,480.8,2010-10-16
1155,1064,207,24680,758.142206838022,2010-10-17
1587,1871,175.867019336012,24647,146.12,2010-10-18
1761,2098,209,24643,45.98,2010-10-19
1978,2031,218,24653,45.97,2010-10-20
3081,2074,251,24541,45.11,2010-10-21
4048,2070,280,24489,44.16,2010-10-22
5283,2138,314,24447,59.81,2010-10-23
2185,1978,226,24560,567.28,2010-10-24
263,742,198,24751,949.253527827233,2010-10-25
346,856,87,24938,183.28,2010-10-26
2220,1597,107,24735,74.98,2010-10-27
1726,1383,203,24671,174.74,2010-10-28
1256,1281,253,24655,229.77,2010-10-29
1266,1317,247,24643,198.93,2010-10-30
1728,1337,238,24584,329.64,2010-10-31
1143.24236914951,1048,206,24678,307.56,2010-11-01
2270.29650917227,989,166,24680,199.37,2010-11-02
2432.375438472,1520,180,24537,77.26,2010-11-03
1596,1261,236,24521,262.9,2010-11-04
2530,1420,241,24474,178.8,2010-11-05
6532.6491973556,1841,206,24383,50.9,2010-11-06
1117.97754686284,1134,242,24423,777.584936824961,2010-11-07
312,733,184,24588,627.980878989829,2010-11-08
1547,1414,78,24503,42.44,2010-11-09
3200,1608,107,24405,122.34,2010-11-10
1613,1355,154,24266,777.884772196101,2010-11-11
1619,1538.5,63,24429.5,586.329899503406,2010-11-12
384,735,75,24662,1439.04933133958,2010-11-13
521,1388,0,24840,1061.89396972247,2010-11-14
1426,1626,7,24744,721.609283222125,2010-11-15
3433,2064,24,24552,329.217784366373,2010-11-16
7369.41529807831,1763,85,24543,57.9509590229152,2010-11-17
9160.06264351828,1876,103,24469,109.51,2010-11-18
8073.84155538154,1772,122,24341,150.12,2010-11-19
7097,1649,125,24261,146.61,2010-11-20
2852.38058859101,1059,130.737131835613,24345,626.492170077119,2010-11-21
2221.41104527076,1092,105,24507,105.51,2010-11-22
5569,1240,94,24478,65.64,2010-11-23
1482,860,80,24584,667.016803774596,2010-11-24
1725,1103,96,24617,105.06,2010-11-25
2701,1265,92,24410,88.46,2010-11-26
668,484,61,24549,754.124989437392,2010-11-27
4510,1106,85,24521,46.42,2010-11-28
4363,1798,64,24465,92.43,2010-11-29
5404,2149,61,24440,102.33,2010-11-30
6194,2121,16,24319,74.95,2010-12-01
1749,898,74.691011159239,24459,725.374800871247,2010-12-02
1972,1090,88,24530,66.13,2010-12-03
4145,1276,88,24287,137.69,2010-12-04
1572,955,120.521079634554,24488,728.005671204686,2010-12-05
479,533,48,24746,718.772860316605,2010-12-06
1400,619,90,24409,261.93,2010-12-07
969,840,78,24368,192.73,2010-12-08
4769,1313,53,24293.2030865798,78.68,2010-12-09
2292,978,72,24315.1949737352,721.503168789394,2010-12-10
1190,892,85,24500,542.676840048816,2010-12-11
2802,1299,69,24427,216.28,2010-12-12
376,631,113,24712,775.096903058223,2010-12-13
411,677,179,24824,953.003736307441,2010-12-14
547,567,189,24786,608.830462770872,2010-12-15
1336,572,80,24419.2573170822,333.01,2010-12-16
2919,752,101,24313.9478076707,222.08,2010-12-17
6405.56300257017,1236,117,24314.0392843483,49.57,2010-12-18
3118.15844010965,724,148.549862931384,24379.722364285,526.116512891309,2010-12-19
5056,1029,131,24405,118.4,2010-12-20
9503.66936878627,1486,86,24302.9563202329,53.46,2010-12-21
2685.18259305118,936,89,24446,744.32,2010-12-22
578,611,147,24842,603.542417616064,2010-12-23
1146,672,232,24896,235.04,2010-12-24
1362,743,188,24653,199.8,2010-12-25
1133,822,104,24385.4945100433,521.75,2010-12-26
1848,900,140,24331.4799652953,643.265669224732,2010-12-27
733,686,98,24447,627.904350938998,2010-12-28
823,888,106,24505,588.782997204887,2010-12-29
425,650,169,24610,627.665125641326,2010-12-30
477.728981886574,686,164,24705,409.300155973946,2010-12-31
735.701504174872,890,161,24834,703.901708598539,2011-01-01
909,928,119,24853.4432560433,223.85,2011-01-02
4063,1241,145,24741,36.09,2011-01-03
1987,1125,131,24653,379.5,2011-01-04
471,709,121,24760,1417.39213446175,2011-01-05
386,764,121,24914,703.749880174042,2011-01-06
1222,857,117,24742,249.594307391345,2011-01-07
1636.55615963252,856,93,24674,946.68920140388,2011-01-08
670.902190266472,602,135,24883,936.515906555701,2011-01-09
1516.98879011981,645,108,24674,270.621711986441,2011-01-10
588,630,97,24553,622.008657328436,2011-01-11
1606,818,155,24575,120.23,2011-01-12
2916,844,139,24536,155.07,2011-01-13
406,636,109,24802,1217.88831983956,2011-01-14
405,561,193,24950,526.632075548137,2011-01-15
944,791,195,24877,73.28,2011-01-16
814,787,169,24843,870.254127622379,2011-01-17
495,745,189,24808,873.649914602749,2011-01-18
493,693,163,24781,613.062997441723,2011-01-19
1037,759,166,24741,152.91,2011-01-20
1787,733,132,24676,169,2011-01-21
1171,902,136,24680,606.888644620416,2011-01-22
346,671,135,24773,1084.9780983675,2011-01-23
1163,848,163,24785,111.73730482923,2011-01-24
748,742,145,24825,613.724851431138,2011-01-25
1715,895,173,24934,211.57,2011-01-26
669,760,138,25001,357.72,2011-01-27
408,689,131,24905,879.128994004708,2011-01-28
304,607,159,24865,861.735068521332,2011-01-29
509,558,88,24812,737.33187089173,2011-01-30
700,586,130,24674,806.299050942,2011-01-31
893,526,115,24541,710.928190989142,2011-02-01
1270,577,101,24501,821.726684964194,2011-02-02
2645,709,105,24514,331.387232333343,2011-02-03
2891,875,100,24515,279.39,2011-02-04
2895,1459,92,24448,83.08,2011-02-05
1170,958,117.700832046786,24480,131.86,2011-02-06
3514,1194,53,24365,141.24,2011-02-07
2239,1126,126,24380,224.86,2011-02-08
2992,1586,81,24628,300.36,2011-02-09
1636,2209,89,24661,1059.90090291893,2011-02-10
1393,1361,91,24729,461.305139094951,2011-02-11
705,995,145,24780,266.47,2011-02-12
1728,1912,118,24728,256.65,2011-02-13
886,974,134,24770,219.91,2011-02-14
5086,1656,144,24653,59.83,2011-02-15
6412,1703,98,24538,67.47,2011-02-16
5148,1452,104,24594,186.81,2011-02-17
4475,1255,111,24638,221.75,2011-02-18
4566,1143,132,24581,253.48,2011-02-19
8150.49133985739,1523,106,24636,62.95,2011-02-20
10456.7137821842,1743,76,24590,39.69,2011-02-21
9287.4573412955,1598,90,24490,64.73,2011-02-22
9627.13205892634,1577,94,24369,129.64,2011-02-23
3080,1078,122,24520,479.59,2011-02-24
1689,1295,93,24748,268.72,2011-02-25
1913,1952,33,24639,252.57,2011-02-26
1305,1784,26,24656,649.38,2011-02-27
458,969,73,24643,761.273121910177,2011-02-28
561,761,79,24616,628.966040486129,2011-03-01
612,665,98,24611,532.058624347476,2011-03-02
411,581,105,24645,866.896444643272,2011-03-03
1451,866,146,24545,181.02,2011-03-04
2313,1015,170,24398,566.76,2011-03-05
351.887084773455,520,169,24576,606.17,2011-03-06
473.850571007754,505,141,24564,1026.09404164758,2011-03-07
397.314110131465,455,131,24547,341.385363154842,2011-03-08
546,459,165,24658,679.55,2011-03-09
1151,570,190,24537,199.39,2011-03-10
2446,724,156,24411,148.85,2011-03-11
6729,1104,194,24215,107.75,2011-03-12
3834,904,232,24326,376.81,2011-03-13
361,390,155,24695,986.998006144089,2011-03-14
385,401,124,24650,850.515455557709,2011-03-15
1009,670,116,24572,214.214773601721,2011-03-16
2520.35313951453,860,181,24427,105.45,2011-03-17
6838.46452679423,730,213,24324,451.912159846157,2011-03-18
7955.07480001342,785,177,24416,375.63,2011-03-19
1994.85527423748,1071,160,24383,612.5,2011-03-20
410.899411469031,608,114,24628,985.84372227012,2011-03-21
431,312,134,24673,920.927860192632,2011-03-22
494.137680703072,420,161,24584,563.669959724504,2011-03-23
249,304,178,24633,1254.03757030314,2011-03-24
533,433,203,24660,316.655797330559,2011-03-25
1464,629,200,24613,137.25,2011-03-26
568,376,279,24577,727.396484714601,2011-03-27
1122,715,218,24650,228.98,2011-03-28
1922,894,268,24593,218.54,2011-03-29
2782.84428136933,735,303,24475,180.54,2011-03-30
4095.70880744613,1061,327,24366,83.13,2011-03-31
869.611864896145,917,242,24621,653.784047124771,2011-04-01
1501,1217,203,24696,329.42,2011-04-02
3326.75364955369,800,267,24599,300.81,2011-04-03
3105,620,313,24551,399,2011-04-04
5058,722,311,24529,1061.21838815782,2011-04-05
1555.64709150482,1104,322,24384,754.020923254018,2011-04-06
431.884592706705,788.5,330,24429,892.429294103507,2011-04-07
1888.95473812118,516,318,24452,642.045617162406,2011-04-08
1946.39270875025,625,393.056065084139,24287,220.966962807655,2011-04-09
487.092047380061,316,337,24518,611.48,2011-04-10
515,279,362,24492,555.58,2011-04-11
2588,645,390,24319,356.22,2011-04-12
4003,1069,420,24258,143.86,2011-04-13
2068.46551097385,808,526,24100,276.71,2011-04-14
1277.61428492157,469,457.990852838067,24254,337.55,2011-04-15
1608.97217982054,748,386,24332,574.96805107197,2011-04-16
1402.1524634871,500,395,24276,1110.65092645788,2011-04-17
435,435,343,24403,378.216941412185,2011-04-18
1862,897,355,24400,511.99,2011-04-19
3509,1118,392,24209,356.88,2011-04-20
2254.99816853006,1594,314,24345,405.43,2011-04-21
908.949251988246,1527,297,24383,143.91,2011-04-22
325.857886884726,1247,326,24318,338.89,2011-04-23
515.023304310609,717,376,24244,688.779700417506,2011-04-24
2684,1297,321,24080,366.62,2011-04-25
1807,1417,314,24108,369.23,2011-04-26
1049,1164,329,24245,307.96,2011-04-27
2840.08149731755,1129,392,24146,380.03,2011-04-28
4044.40162770457,1731,380,23970,287.95,2011-04-29
3919,1352,381,24035,836.207112042881,2011-04-30
1506,500,520,24238,717.281606890407,2011-05-01
556,501,472,24274,814.635426346923,2011-05-02
543,505,471,24354,246.802759299955,2011-05-03
1620,1461,357,24246,939.747775227793,2011-05-04
2623,1376,387,24050,201.56,2011-05-05
1210,844,438,24062,419.499844573012,2011-05-06
832.087257766192,891,476,24176,233.35,2011-05-07
1459,1541,381.08781689148,24247,338.26,2011-05-08
1195,1366,454,24143,295.01,2011-05-09
856,1000,494,24187,454.61,2011-05-10
2480,1125,502,24149,824.36606614507,2011-05-11
997,430,458,24224,1020.61867474801,2011-05-12
779,432,528,24234,777.639712038054,2011-05-13
739,401,596,24184,535.964015332753,2011-05-14
961,690,495,24250,309.8,2011-05-15
1245,855,477,24298,423.24,2011-05-16
3724,1382,497,23988,390.71,2011-05-17
4163,1399,542,23974,257.85,2011-05-18
326,810,494,24247,574.584215422187,2011-05-19
792,669,418,24333,528.78757872905,2011-05-20
1017,671,455,24320,642.92,2011-05-21
1598,834,512,24258,566.45005127059,2011-05-22
2468,1059,514,24294,487.936937554981,2011-05-23
1686,1121,538,24329,1441.39709746361,2011-05-24
1517.15602311859,1079,557,24313,450.618537517211,2011-05-25
2831.34636135596,1419,496.068463026853,24295,559.591548693632,2011-05-26
3277.76104619804,1599,510,24269,293.04,2011-05-27
3386,1417,613,24206,776.56,2011-05-28
2584,1533,597,24176,117.224528409908,2011-05-29
1302,1146,598,24063,130.06,2011-05-30
295.530200827595,887,574,24055,1196.51231357213,2011-05-31
489.454115738531,773,621,24159,388.389856084271,2011-06-01
1907,926,649,24089,310.64,2011-06-02
707,615,636,24097,333.04,2011-06-03
1196.51966473065,857,600,24154,213.15,2011-06-04
2083,1033,628,24153,377.17,2011-06-05
2641.04870519451,1369,608,24007,75.54,2011-06-06
3270,1556,615,23913,147.95,2011-06-07
639,1423,619,23966,392.45,2011-06-08
3173,1472,630,24060,340.58,2011-06-09
2755,1361,645,23995,344.63,2011-06-10
1543,1688,545,24085,122.87,2011-06-11
560,1110,628,24144,197.6,2011-06-12
2163,1372,637,24136,189.1,2011-06-13
3613,1314,655,24065,332.99,2011-06-14
3633,1744,590,24060,264.14,2011-06-15
2738,1849,513,24145,134.55,2011-06-16
2449,1592,595,24187,149.68,2011-06-17
4452,1619,633,24159,230.12,2011-06-18
4714,1696,616,24161,365.57,2011-06-19
4300,1440,653,24100,343.69,2011-06-20
3480,1149,716,24049,907.91,2011-06-21
5889.24146736464,1668,632,23964,517.71,2011-06-22
3259,2166,546,23970,324.54,2011-06-23
649,1626,546,24199,251.21,2011-06-24
850,1360,600,24267,89.88,2011-06-25
1222,1304,613,24089,223.93,2011-06-26
1439,1324,628,23973,248.52,2011-06-27
3432,1501,642,24050,333.02,2011-06-28
5656,1813,622,24088,340.22,2011-06-29
3415,1985,606,24063,88.51,2011-06-30
3276,2125,600,24058,80.47,2011-07-01
3881,2093,616,24010,51.78,2011-07-02
2522,1453,689,24039,166.27,2011-07-03
1543,1310,697,24080,181.91,2011-07-04
3012,1497,651,23989,711.56,2011-07-05
4027,1649,666,23922,222.62,2011-07-06
646,1303,609,23919,234.65,2011-07-07
554,1319,621,23972,424.52,2011-07-08
552,1184,656,24107,199.37,2011-07-09
2088,1486,654,24157,160.52,2011-07-10
4603,1775,652,24182,328.92,2011-07-11
2671,1760,642,24192,316.51,2011-07-12
2249,1768,654,24127,435.53,2011-07-13
2476,1806,642,24129,149.34,2011-07-14
1810,1860,603,24144,308.5,2011-07-15
1794,1630,637,24107,428.7,2011-07-16
2520,2017,575,24108,110.89,2011-07-17
2543,1860,598,24110,123.83,2011-07-18
2348,1855,623,24054,127.41,2011-07-19
1065,2192,562,24061,168.94,2011-07-20
2164,2087,604,24065,244.84,2011-07-21
4193,2134,618,24069,742.56,2011-07-22
7018,2092,685,24057,67.92,2011-07-23
5442,2146,661,24038,227.15,2011-07-24
1240,2186,613,23975,58.48,2011-07-25
1151,1819,671,23993,192.22,2011-07-26
1619,2025,630,24051,324.49,2011-07-27
5040,2065,669,24117,549.33,2011-07-28
3135,2215,598,24143,197.14,2011-07-29
1003,1923,621,24041,209.19,2011-07-30
2747.18156109386,1784,676,24070,162.68,2011-07-31
9013.03846994008,2038,672,24102,191.39,2011-08-01
3979.80491074128,1606,662,24170,545.78,2011-08-02
1696.18835400191,1791,613,24124,517.03514828428,2011-08-03
2576.22266996581,1828,636,24109,421.99,2011-08-04
3608,1939,640,24148,376.06,2011-08-05
3450.79244240791,1969,610,24153,690.11,2011-08-06
3544.96183960553,1995,634,24148,336.17,2011-08-07
2486.8715064388,1786,684,24023,238.37,2011-08-08
4003.61953674319,1986,659,24083,196.75,2011-08-09
1877.67003158726,1692,665,24168,195.87,2011-08-10
2477.54949136081,1845,683,24130,207.95,2011-08-11
3200,1877,681,24069,268.72,2011-08-12
2907,1980,663,24010,721.46,2011-08-13
2541,2225,624,24045,201.24,2011-08-14
2703,2253,595,24048,163.24,2011-08-15
405,1629,652,24087,286.5,2011-08-16
1200,1987,585,24176,273.57,2011-08-17
515,1616,610,24246,269.61,2011-08-18
1419,1830,597,24289,441.56,2011-08-19
1859,1841,600,24286,354.05,2011-08-20
2065.76705656354,1838,608,24252,143.9,2011-08-21
2576.27707219639,1745,603,24262,122.38,2011-08-22
2668.83859956227,1795,591,24287,87.17,2011-08-23
2424.08115253676,1921,572,24284,135.48,2011-08-24
2417,2124,534,24338,112.68,2011-08-25
2181,2108,550,24369,325.35,2011-08-26
2123,1975,546,24317,189.11,2011-08-27
2057,1882,558,24236,109.51,2011-08-28
3093.94738993788,1909,582,24217,139.46,2011-08-29
3949,1953,623,24200,121.09,2011-08-30
5731,2060,632,24123,50.42,2011-08-31
693,1616,568,24254,353.03,2011-09-01
1333,1708,556,24230,273.02,2011-09-02
2151,1884,558,24306,291.39,2011-09-03
2099,1698,570,24317,116.2,2011-09-04
2145,1744,543,24315,293.67,2011-09-05
2840,1660,560,24236,325.41,2011-09-06
3802,1870,549,24143,544.22,2011-09-07
880,1954,452,24296,152.39,2011-09-08
516,1441,467,24482,174.33,2011-09-09
506,2133,355.53582704927,24566,262.89,2011-09-10
1076,1934,423,24459,153.82,2011-09-11
2934,2141,401,24381,272.67,2011-09-12
2915,2091,480,24295,501.35,2011-09-13
3804,2042,499,24242,90.69,2011-09-14
3580,1996,508,24236,90.74,2011-09-15
545,1657,463,24345,250.37,2011-09-16
454,1078,409,24473,143.47,2011-09-17
515,1130,358,24612,200.65,2011-09-18
705,1330,371,24560,375.55,2011-09-19
881,1299,400,24463,315.21,2011-09-20
983,1272,424,24360,154.69,2011-09-21
1276,1290,441,24354,311.11,2011-09-22
2857,1502,444,24375,192.63,2011-09-23
3514,1652,464,24334,135.42,2011-09-24
6366,1895,447,24390,90.63,2011-09-25
5091.72342441379,1744,467,24427,298.09,2011-09-26
5215,1760,457,24396,259.72,2011-09-27
7101,2082,439,24341,50.81,2011-09-28
1090,946,439,24434,712.064195069469,2011-09-29
643,904,337,24589,340.13,2011-09-30
953,1110,353,24603,210.65,2011-10-01
612,1042,310,24733,115.39,2011-10-02
2089.44406983429,1251,312,24644,354.45,2011-10-03
1378.40265061291,1707,314,24473,63.9,2011-10-04
4228.30660752663,1642,399,24325,142.56,2011-10-05
5725.56648320559,1048,369,24443,145.29,2011-10-06
3437.48241078432,1718,331,24460,183.16,2011-10-07
4735,1906,375,24429,126.92,2011-10-08
7335.76705708307,1851,451,24442,177.93,2011-10-09
1683,1321,417,24600,113.53,2011-10-10
2843,1643,421,24563,146.15,2011-10-11
5311.10464761791,1872,412,24413,62.49,2011-10-12
2199,1705,413,24275,185.14,2011-10-13
303,973,377,24265,438.358854049167,2011-10-14
351,1053,370,24221,949.394975242944,2011-10-15
389,874,406,24314,446.949927691808,2011-10-16
789,1265,290,24541,88.03,2011-10-17
2244,1789,291,24580,70.99,2011-10-18
4261,2024,299,24523,166.72,2011-10-19
6911,2169,318,24492,68.79,2011-10-20
6080,2064,318,24473,54.37,2011-10-21
7653,2099,325,24416,78.69,2011-10-22
4186,1892,251,24510,263.29,2011-10-23
411.357280885094,1333,182,24681,138.18,2011-10-24
1215.80317425802,1263,179,24711,181.9,2011-10-25
3540.63498812519,1835,179,24589,37.07,2011-10-26
4969.11103231625,1900,215,24553,97.83,2011-10-27
4259,1742,228,24582,69.2,2011-10-28
5568,2066,209,24518,195.35,2011-10-29
6766,2178,212,24511,181.56,2011-10-30
5919,2129,304,24546,83.94,2011-10-31
4377.21657863092,2107,310,24558,180.51,2011-11-01
982,1521,254,24670,510.448284619974,2011-11-02
1687,1636,294,24634,40.13,2011-11-03
2318,1674,318,24551,86.25,2011-11-04
764,1510,274,24645,408.55,2011-11-05
1590,1595,230,24664,63.44,2011-11-06
1395,1479,216,24664,188.24,2011-11-07
1267,1366,268,24643,214.14,2011-11-08
912,1337,193,24609,185.45,2011-11-09
1633,1322,175,24463,213.69,2011-11-10
3743,1669,153,24357,53.97,2011-11-11
1120,842,266,24431,442.082903818447,2011-11-12
715,742,129,24604,504.19,2011-11-13
3654,1176,100,24611,44.64,2011-11-14
4890,1808,117,24644,60.72,2011-11-15
5012.69302011076,1935,172,24642,78.64,2011-11-16
2923,2245,166,24498,178.39,2011-11-17
2019,1809,230,24370,324.2,2011-11-18
483,1043,104,24564,826.383351809496,2011-11-19
1491,1188,71,24718,147.924750149542,2011-11-20
3456,1650,92,24695,93.88,2011-11-21
3639,1286,99,24544,520.279082366671,2011-11-22
552,741,40,24769,500.893813610145,2011-11-23
4479,1622,71,24667,38.38,2011-11-24
5152,1696,73,24677,163.06,2011-11-25
5923,1646,76,24512,292.4,2011-11-26
5451,1632,89,24499,151.57,2011-11-27
3005,1487,117,24620,314.27,2011-11-28
1614,1141,46,24799,111.77,2011-11-29
2486.92287251197,1126,85,24897,133.16,2011-11-30
3911,1631,76,24754,64.71,2011-12-01
7552.98825413072,2214,25,24562,60.26,2011-12-02
2583.9457862866,1598,74,24618,126.53,2011-12-03
6113.46602134263,2029,67,24691,96.97,2011-12-04
7552,2296,32,24763,57.1,2011-12-05
5857,2262,27,24748,126.51,2011-12-06
2734,1509,42,24802,607.629669082885,2011-12-07
260,802,90,24953,708.892299837191,2011-12-08
448,871,87,24886,742.666084198361,2011-12-09
878,814,77,24696,708.104751431442,2011-12-10
2009,1118,147,24626,426.43,2011-12-11
1186,1239,62,24711,261.1,2011-12-12
3766,1980,37,24590,83.49,2011-12-13
347,713,51,24798,974.24692746992,2011-12-14
348,756,105,24879,757.371404937036,2011-12-15
634,713,149,24923,390.892683697146,2011-12-16
2582,1033,157,24805,136.86,2011-12-17
1251,788,91,24797,258.33,2011-12-18
1507,717,84,24745,112.56,2011-12-19
2025,974,108,24690,242.34,2011-12-20
496.578011258951,756,81,24715,491.406611108791,2011-12-21
730,736,83,24767,596.653227426203,2011-12-22
1311,982,117,24632,288.32,2011-12-23
1040,857,100,24659,336.16,2011-12-24
2055,1121,122,24769,65.73,2011-12-25
3500,1413,124,24866,68.33,2011-12-26
4773,1522,112,24742,144.45,2011-12-27
3852,1488,113,24756,345.06,2011-12-28
1482,1524,113,24911,541.95,2011-12-29
3279,1675,98,24805,134.06,2011-12-30
3928,1409,130,24696,266,2011-12-31
1734,1032,91,24792,339.68,2012-01-01
1522,1171,77,24693,591.90614709553,2012-01-02
355,688,94,24777,742.205098048436,2012-01-03
812,757,115,24821,363.17664802424,2012-01-04
2813,1067,165,24701,125.17,2012-01-05
2724,1266,129,24890,312.16,2012-01-06
2832,1968,108,24909,549.71,2012-01-07
4091,1834,103,24785,91.16,2012-01-08
4242,1553,143,24757,114.36,2012-01-09
3811.16583775097,1357,119,24799,451.351770108361,2012-01-10
1343,980,131,24885,272.66,2012-01-11
3688,1199,156,24630,119.77,2012-01-12
1458,1041,117,24657,479.24,2012-01-13
2583.46261747085,1009,122,24620,112.18,2012-01-14
3456.6678923234,1253,111,24560,52.69,2012-01-15
2883.89711955182,1617,112,24498,83.59,2012-01-16
8088.60599012137,1667,56,24541,54.03,2012-01-17
9168.59717893886,1841,68,24614,148.3,2012-01-18
8568.02239847908,1741,64,24690,86.96,2012-01-19
946,746,83,24841,961.945500726502,2012-01-20
375,552,199,24894,334.497635361765,2012-01-21
1357,661,223,24835,194.02,2012-01-22
3356.29559941331,757,199,24689,540.04,2012-01-23
467,625,140,24663,566.114108524748,2012-01-24
1619,815,164,24550,153.23,2012-01-25
2571,965,163,24499,80.89,2012-01-26
1728,864,97,24639,199.79,2012-01-27
2178,1618,129,24728,63.77,2012-01-28
1039,827,118,24812,145.69,2012-01-29
2871,1748,154,24736,189.92,2012-01-30
1716,1023,116,24598,709.860087643703,2012-01-31
454,569,207,24859,293.02365034673,2012-02-01
717,609.5,177,24882,557.430284433157,2012-02-02
1655,667,183,24601,328.54,2012-02-03
950,527,98,24624,229.76,2012-02-04
3205,992,83,24456,86.69,2012-02-05
1824,682,109,24636,836.844642355643,2012-02-06
281,524,173,24753,819.987236377522,2012-02-07
363,547,125,24638,540.351418936703,2012-02-08
1129,745,120,24621,176.59,2012-02-09
685,496,62,24695,601.82,2012-02-10
2208,749,120,24655,296.38,2012-02-11
2552,1531,82,24649,106.3,2012-02-12
5091,1396,91,24550,92.94,2012-02-13
2411,845,83,24642,161.32,2012-02-14
2613,1409,96,24690,127.39,2012-02-15
329,560,72,24716,1209.92042761665,2012-02-16
337,576,98,24781,751.794885012399,2012-02-17
873,569,111,24746,295.406963615992,2012-02-18
1637,637,136,24578,111.73,2012-02-19
3510,813,130,24494,160.94,2012-02-20
2864,1166,75,24482,94.33,2012-02-21
3902,1589,51,24374,107.69,2012-02-22
631,725,73,24624,369.73,2012-02-23
2230,1114,70,24578,292.81,2012-02-24
595,596,53,24739,734.26307250055,2012-02-25
1491,684,88,24691,146.24,2012-02-26
4687,1276,80,24589,242.23,2012-02-27
4914,1259,92,24491,328.52,2012-02-28
5711.54313308353,1438,98,24491,154.65,2012-02-29
6023,1821,64,24563,83.55,2012-03-01
2913,2180,18,24653,365.27,2012-03-02
2319.01372661637,1536,26,24685,713.46,2012-03-03
3162,1322,62,24529,159.92,2012-03-04
3970,1583,65,24327,96.14,2012-03-05
529,561,114,24381,773.788186371222,2012-03-06
436.309681473557,567,116,24523,694.911755442718,2012-03-07
422,534,54,24716,273.617850470345,2012-03-08
2234,1138,93,24637,347.31,2012-03-09
857,817,80,24634,978.979111215274,2012-03-10
570,429,87,24788.1222134912,546.346893718047,2012-03-11
1761,673,127,24639,179.72,2012-03-12
2699,758,172,24469,229.73,2012-03-13
805.974279551589,464,160,24597,461.29,2012-03-14
2427,1146,131,24574,284.75,2012-03-15
6574,2019,144,24314,172.16,2012-03-16
4696,2351,82.5340654050564,24325,497.99,2012-03-17
1014,1577,53,24631,348.72,2012-03-18
2443,1623,79,24614,131.36,2012-03-19
3253,1555,132,24575,309.72,2012-03-20
6823,1757,139,24479,345.03,2012-03-21
3776,1309,194,24512,294.93,2012-03-22
743,1133,172,24365,845.369408555818,2012-03-23
466,515,225,24451,695.828522013367,2012-03-24
1057,674,201,24552,225.26,2012-03-25
3849,1017,221,24449,85.81,2012-03-26
2643,799,331,24482,445.29,2012-03-27
1110,605,343,24563,623.64,2012-03-28
1114,632,367,24331,588.70002209988,2012-03-29
404,421,244,24513,563.759012209185,2012-03-30
636,452,212,24458,410.77,2012-03-31
1358,850,177,24409,802.269006586259,2012-04-01
997,830,201,24370,171.21,2012-04-02
518,365,303,24371,603.96,2012-04-03
400,278,365,24270,568.338391992546,2012-04-04
389,336,328,24377,1047.36886225036,2012-04-05
714,649,323,24416,189.99,2012-04-06
1918,808,261,24381,167.16,2012-04-07
1200,347,427,24345,761.199130990131,2012-04-08
2972,770,437,24297,672.53,2012-04-09
1485,1336,430,24216,640.740277458918,2012-04-10
470,515,355,24357,629.960844595507,2012-04-11
780,391,448,24197,452.37,2012-04-12
1302,793,448,24170,519.528093685308,2012-04-13
1442,693,513,24125,575.165595667734,2012-04-14
1764,957,457,24194,391.342791648964,2012-04-15
793,722,382,24407,381.31,2012-04-16
2937,1016,438,24209,930.899065780197,2012-04-17
3732,1638,435,24189,756.525910089728,2012-04-18
2775,1849,336,24285,172.57,2012-04-19
3467,2141,321,24390,351.21,2012-04-20
4029,2001,322,24265,181.01,2012-04-21
4083,1698,399,24084,185.55,2012-04-22
5986,1736,455,24066,158.27,2012-04-23
2205,2118,374,24130,603.88,2012-04-24
501,832,347,24186,874.894611433036,2012-04-25
1861,1314,328,24051,84.01,2012-04-26
1845.20978906196,818,438,24008,596.22097606475,2012-04-27
2807,491,362,24287,370.52,2012-04-28
4227,989,360,24289,360.34,2012-04-29
4329,1904,371,24233,152.43,2012-04-30
4226,1629,445,24283,458.7,2012-05-01
2415,1219,525,24187,124.21,2012-05-02
1681,1055,568,24183,162.25,2012-05-03
2767.50024089376,1169,578,24154,219.01,2012-05-04
2327,783,564,24219,245.39,2012-05-05
2537,1044,537,24101,464.41,2012-05-06
2107,906,510,24102,108.61,2012-05-07
2011,898,541,24182,174.87,2012-05-08
2726,1027,509,24304,377.34,2012-05-09
4353,1284,549,24260,231.62,2012-05-10
3674,1725,468,24272,194.02,2012-05-11
2509,1708,440,24245,247.13,2012-05-12
3247,1787,433,24177,929.422242655719,2012-05-13
1060,899,459,24186,533.94,2012-05-14
810,584,486,24119,722.836312818134,2012-05-15
679,547,542,24060,886.130346725366,2012-05-16
1343,907,529,24132,461.099356371413,2012-05-17
2324,1202,547,24158,143.96,2012-05-18
3003.28834852211,1462,598,24195,264.37,2012-05-19
1143.04190855182,1807,488,24337,236.53,2012-05-20
3517.34945736484,1706,512,24339,173.44,2012-05-21
2125.71897288244,1392,574,24238,451.82,2012-05-22
710,617,552,24262,265.52,2012-05-23
966.880376075915,738,521,24256,97.44,2012-05-24
1322,917,521,24225,172.47,2012-05-25
1888,1140,576,24116,466.36,2012-05-26
2811,1176,582,24158,639.104407635667,2012-05-27
3046.28283010465,1133,619,24275,281.67,2012-05-28
1612,1323,547,24264,515.94,2012-05-29
381,1024,502,24377,220.32,2012-05-30
1559,1374,469,24407,152.42,2012-05-31
1931,1797,452,24306,158.68,2012-06-01
3050,1631,529,24234,542.79,2012-06-02
3948,2026,510,24133,355.93,2012-06-03
2714,1566,581,24100,325.37,2012-06-04
1558,1099,648,24090,277.13,2012-06-05
3424,1336,599,24028,309.36,2012-06-06
1518,1270,623,23990,165.34,2012-06-07
1818,1236,643,23994,368.29,2012-06-08
2661,1749,588,23956,402.3,2012-06-09
294,972,564,24011,190.86,2012-06-10
716,875,596,23927,148.37,2012-06-11
487,974,583,23917,152.47,2012-06-12
1683,1396,535,23997,181.05,2012-06-13
235,1431,525,24096,243.18,2012-06-14
284.769740135365,1225,567,24152,209.73,2012-06-15
602,1159,618,24107,340.23,2012-06-16
1888,1119,686,24044,206.97,2012-06-17
4343,1207,666,24046,213.66,2012-06-18
4506.68790709619,1588,613,24019,438.57,2012-06-19
4218.67526699143,1607,618,24056,305.28,2012-06-20
4252.38232785181,1618,627,24088,189.5,2012-06-21
2545,1904,570,24093,518.93,2012-06-22
4034,1956,578,24054,135.02,2012-06-23
3780.24397238946,2154,558,24053,273.57,2012-06-24
2167,2051,563,24138,351.78,2012-06-25
2620,1927,584,24235,398.33,2012-06-26
1639,1728,587,24289,267.8,2012-06-27
2810,2160,521,24232,269.64,2012-06-28
1976.21271449403,2198,532,24110,86.76,2012-06-29
1658,1597,659,24071,173.42,2012-06-30
3124.89946174575,1776,688,23974,368.01,2012-07-01
854.818922837477,1031,713,23956,167.63,2012-07-02
868.24529998634,1231,696,23911,190.93,2012-07-03
2054.41312768088,1354,665,24014,358.55,2012-07-04
2287,1926,587,24071,254.84,2012-07-05
3009,2131,568,24060,69.25,2012-07-06
3879,1974,645,24035,382.18,2012-07-07
3427,1957,645,24045,180.11,2012-07-08
2272,2164,609,24049,335.27,2012-07-09
1094,1994,641,23919,248.99,2012-07-10
1540,2024,602,23867,72.88,2012-07-11
540.26629482574,1731,637,23950,81.37,2012-07-12
615,1642,636,24078,100.52,2012-07-13
776,1522,629,24090,135.46,2012-07-14
978,1403,657,24117,130.1,2012-07-15
1835,1379,680,24180,326.78,2012-07-16
1985.7767363725,1601,663,24220,769.782968633182,2012-07-17
2108.74072697085,1781,638,24193,412.879684669,2012-07-18
3005,1876,650,24134,362.84,2012-07-19
4845,1861,687,24102,351.04,2012-07-20
3907,2213,617,24051,738.8,2012-07-21
383,1655,664,23967,437.19,2012-07-22
767,1592,651,24116,209.25,2012-07-23
1676,1794,641,24195,155.94,2012-07-24
1987,2096,630,24175,330.96,2012-07-25
1394.23228526343,2238,608,24096,384.41,2012-07-26
1979,2170,630,24132,65.22,2012-07-27
2823.20530565656,2113,662,24036,601.4,2012-07-28
735.171304911977,1692,680,23980,309.87,2012-07-29
1318.64065645462,1886,617,24096,144.44,2012-07-30
582.400362452581,2327,497,24160,164.52,2012-07-31
311,2271,504,24173,323.67,2012-08-01
506,1842,606,24180,127.43,2012-08-02
1312.21549467428,1992,636,24180,262.47,2012-08-03
611,1735,667,24177,298.66,2012-08-04
1169,1857,663,24259,214.63,2012-08-05
1528,1865,679,24214,266,2012-08-06
1642,1933,673,24160,192.12,2012-08-07
1798,1979,672,24120,93.84,2012-08-08
920,1715,661,24158,155.03,2012-08-09
1897,1774,656,24155,195.82,2012-08-10
2110.94766155839,1964,592,24140,117.54,2012-08-11
408.322363184475,1986,581,24130,628.14,2012-08-12
652.48164647529,1680,590,24217,207.94,2012-08-13
1320,1807,518,24163,468.47,2012-08-14
1300,1701,581,24159,153.73,2012-08-15
1835.26658728761,1720,614,24248,304.74,2012-08-16
3176.70417080297,1887,605,24188,767.19,2012-08-17
5684.31987159444,2164,586,24155,592.711102456347,2012-08-18
4398.84338973629,1775,606,24153,171.63,2012-08-19
777.078834252267,1949,605,24138,199.84,2012-08-20
439.277751696375,1142,567,24312,339.85,2012-08-21
480,1229,519,24382,179.66,2012-08-22
1879,1562,531,24348,210.1,2012-08-23
2079,1567,553,24323,200.52,2012-08-24
3028,1617,560,24286,256.96,2012-08-25
3742,1699,588,24250,382.17,2012-08-26
1551,1952,606,24222,237.03,2012-08-27
2102,1771,650,24066,88.51,2012-08-28
2582,1635,679,24114,153.79,2012-08-29
5687,1796,664,24213,128.2,2012-08-30
4453,1846,666,24248,275.23,2012-08-31
3770,2091,606,24239,104.21,2012-09-01
713,2038,503,24199,456.86,2012-09-02
230,1137,506,24309,739.433365430078,2012-09-03
342,1235,476,24366,296.60026101811,2012-09-04
780,1509,480,24411,315.53,2012-09-05
2273,1908,443,24409,132.73,2012-09-06
1957,2007,498,24366,146.62,2012-09-07
1223,1792,536,24355,137.22,2012-09-08
2693,1923,534,24348,130.04,2012-09-09
3131,1944,546,24336,98.31,2012-09-10
2527,1980,520,24249,270.9,2012-09-11
439,1313,480,24258,553.62231332537,2012-09-12
352,1369,437,24312,82.24,2012-09-13
416.436399409184,1427,432,24402,231.1,2012-09-14
839,1470,452,24477,226.16,2012-09-15
1310.99249345458,1551,456,24491,104.54,2012-09-16
1013,1377,484,24326,219.9,2012-09-17
757,1176,515,24225,240.93,2012-09-18
1373,1424,488,24216,99.68,2012-09-19
2705,1758,484,24307,86.65,2012-09-20
3547,1626,519,24281,280.23,2012-09-21
2632,1716,515,24268,74.65,2012-09-22
2528,1704,504,24319,87.56,2012-09-23
1515,1715,492,24420,84.96,2012-09-24
1484,1990,452,24429,328.56,2012-09-25
643.695661862368,1662,455,24463,139.93,2012-09-26
780.185199098798,1799,383,24399,222.16,2012-09-27
83.0261435958992,534,456,24436,1023.64618767752,2012-09-28
360,1004,408,24432,130.467003343749,2012-09-29
371,1257,404,24417,146.66,2012-09-30
1286,1532,397,24384,114.9,2012-10-01
3736,1817,396,24337,76.39,2012-10-02
1251.97980194205,1386,428,24298,249.44,2012-10-03
325,1094,432,24358,169.38,2012-10-04
1212,1451,408,24426,145.27,2012-10-05
2257,1456,411,24577,168.53,2012-10-06
3071,1776,387,24547,71.91,2012-10-07
5951.41132566758,1923,394,24445,92.94,2012-10-08
2213.42893688387,1263,438,24353,631.582266257233,2012-10-09
477,860,373,24483,263.282131265162,2012-10-10
3154,1542,304,24382,212.72,2012-10-11
4102,1704,264,24336,267,2012-10-12
842,1704,264,24339,779.64,2012-10-13
1045,1584,336,24480,1292.28,2012-10-14
2447,1584,335,24480,1149.9360143477,2012-10-15
910.500270274041,1436,302,24445,593.672915582357,2012-10-16
620,1001,252,24470,298.91667954728,2012-10-17
1502,1435,257,24420,83.11,2012-10-18
4246,1801,247,24408,50.01,2012-10-19
4726.88005941778,1660,305,24426,174.43,2012-10-20
1163,1876,260,24501,141.7,2012-10-21
626,1389,282,24430,412.370283824739,2012-10-22
1884,1696,245,24368,65.59,2012-10-23
2608,1500,324,24281,147.93,2012-10-24
4711,1840,292,24400,75.98,2012-10-25
6728,2214,312,24443,81.73,2012-10-26
3509,1326,366,24407,553.337368134008,2012-10-27
620,1028,262,24623,411.324973391137,2012-10-28
921,1277,257,24584,156.85,2012-10-29
727.524274794548,820,193,24562,520.28,2012-10-30
783,1004,185,24490,195.21,2012-10-31
2312,1431,179,24460,105.51,2012-11-01
3942,1886,190,24478,87.62,2012-11-02
3356,2180,189,24412,347.628618560926,2012-11-03
476,2035,84,24280,1144.19090651117,2012-11-04
661,1143,170,24477,431.326761992526,2012-11-05
2003,1469,148,24515,72.1774778350186,2012-11-06
1560,1275,186,24457,621.016724480731,2012-11-07
1355,1378,155,24479,222.554980567797,2012-11-08
2537,1741,179,24582,58,2012-11-09
1726,1939,141,24520,274.42,2012-11-10
283,763,97,24358,1070.90759791909,2012-11-11
504,640,125,24424,685.479966903059,2012-11-12
321,505,80,24442,836.140235373009,2012-11-13
988,907,71,24597,149.944176606659,2012-11-14
3420,1598,96,24655,49.11,2012-11-15
2793,1767,87,24523,323.05,2012-11-16
1689,1442,97,24479,282.04,2012-11-17
2952,1404,111,24455,290.47,2012-11-18
506.126718262525,911,104,24586,300.204957513924,2012-11-19
2844.61514152975,1537,113,24551,120.6,2012-11-20
6487,1744,85,24460,45,2012-11-21
3465,1372,85,24570,432.083021094561,2012-11-22
1102,798,95,24641,264.095111060674,2012-11-23
3832,1542,98,24499,76.39,2012-11-24
3553,1185,85,24483,413.06,2012-11-25
976.66250174871,617,81,24508,779.266769593928,2012-11-26
4411,1370,69,24300,102.25,2012-11-27
535,598,62,24501,768.126350064787,2012-11-28
1780,1219,98,24575,47.82,2012-11-29
744,703,80,24748,602.547642422815,2012-11-30
2040,1403,120,24727,326.34,2012-12-01
5836,2195,115,24488,64.34,2012-12-02
1371,1094,77,24508,621.17777929201,2012-12-03
2204,1228,102,24517,55.35,2012-12-04
333,735,104,24578,590.085055209172,2012-12-05
1803,1161,167,24532,66.12,2012-12-06
1303,879,121,24571,533.64,2012-12-07
315,487,176,24672,1086.72788259342,2012-12-08
554.081497589023,608,122,24651,368.283675590001,2012-12-09
1854,1167,105,24704,119.81,2012-12-10
3264,1587,127,24780,128.32,2012-12-11
4827,2142,83,24699,475.31,2012-12-12
5282,1992,44,24647,468.35,2012-12-13
4986,2289,24,24573,775.803707834582,2012-12-14
6421,2172,36,24571,60.73,2012-12-15
3169,2137,37,24669,343.19,2012-12-16
651,1175,74,24824,604.100225898684,2012-12-17
983,1034,145,24861,93.0524003974452,2012-12-18
4756,1727,152,24701,82.98,2012-12-19
5836.17190328975,1979,133,24718,164.97,2012-12-20
2665.72291569856,1526,93,24701,531.44,2012-12-21
581,863,150,24859,646.971650160946,2012-12-22
1316.93586940884,826,256.372701799152,24871,694.604603266487,2012-12-23
1397.8211188427,1304,277,24677,251.22,2012-12-24
617.647663008684,747,225,24912,404.548869312371,2012-12-25
555.7563784924,1536,276,24858,46.35,2012-12-26
2612.45658056185,1666,246,24685,258.94,2012-12-27
5766.16004491327,1744,159,24633,765.65,2012-12-28
786,934,110,24729,701.395563082082,2012-12-29
528,771,118,24612,791.296076769133,2012-12-30
2022,1335,190,24453,114.86,2012-12-31
380,919,173,24568,777.514375687101,2013-01-01
447,560,252,24944.373936224,824.543970607309,2013-01-02
602,711,237,25021.6613551525,158.832622817218,2013-01-03
2052,1087,256,24787,308.2,2013-01-04
1468,856,182,24689,213.27,2013-01-05
3359,1062,161,24664,260.12,2013-01-06
3508,1280,175,24606,152.06,2013-01-07
2852,1140,167,24744,580.754435791189,2013-01-08
1486,943,171,24735,129.16,2013-01-09
5810.67181238735,1661,199,24665,164.96,2013-01-10
8670,1801,97,24578,89.35,2013-01-11
9398.57704262821,1959,177,24556,80.01,2013-01-12
8116.01913531224,1928,86,24589,123.42,2013-01-13
7107.16694970515,1932,111,24656,255.7,2013-01-14
2764.56601037198,1976,119,24630,773.77,2013-01-15
2708.79592256855,1203,101,24791,208.79,2013-01-16
1819,991,110,24891,207.88,2013-01-17
5450.50951046558,1488,146,24657,68.37,2013-01-18
4546,1355,82,24707,95.64,2013-01-19
2574,1893,58,24740,64.32,2013-01-20
3548,1842,80,24694,155.11,2013-01-21
4773,2141,149,24694,158.64,2013-01-22
9074,2159,122,24465,85.82,2013-01-23
466,746,73,24549,632.817011109198,2013-01-24
1775,1217,168,24574,84.01,2013-01-25
3873,1653,149,24658,87.54,2013-01-26
7511,2093,120,24666,55.41,2013-01-27
9574.95184604733,1910,70,24516,99.68,2013-01-28
10208.8730847337,2258,108,24608,170.86,2013-01-29
6670,2124,71,24625,227.19,2013-01-30
4164,2238,31,24575,91.14,2013-01-31
830,1264,53,24681,234.21,2013-02-01
1178,1045,107,24761,270.04,2013-02-02
4533,2142,68,24504,103.75,2013-02-03
901,1304,78,24679,306.66,2013-02-04
2242,2036,83,24579,405.51,2013-02-05
2250,1331,155,24630,513.063210777624,2013-02-06
304,670,230,24921,202.680501487705,2013-02-07
1448,939,188,24859,210.61,2013-02-08
4311.70878860557,1270,134,24618,80.49,2013-02-09
1436,715,80,24736,414.99,2013-02-10
1567,1187,115,24784,120.26,2013-02-11
2859,1283,102,24622,258.31,2013-02-12
7561,1811,103,24524,190,2013-02-13
1855.56095340889,698,31,24632,574.304659015132,2013-02-14
973,909,85,24674,506.79,2013-02-15
3489,1478,69,24535,244.52,2013-02-16
2977,1259,60,24490,274.42,2013-02-17
537,692,61,24654,224.84,2013-02-18
791,668,87,24710,436.79,2013-02-19
2002,1098,115,24657,227.58,2013-02-20
5104,1754,71,24676.5,135.97,2013-02-21
2042,899,102,24708,404.02,2013-02-22
3576,922,132,24662,72.43,2013-02-23
7868.59082532021,1334,61,24626,45.52,2013-02-24
3827,1886,20,24653,176.17,2013-02-25
5194,1623,119,24484,606.3,2013-02-26
5897,1237,188,24404,166.31,2013-02-27
4895.65835107985,1165,99,24349,346.740850228136,2013-02-28
252,354,50,24778,172.372092440487,2013-03-01
1172,661,51,24789,140.43,2013-03-02
2424,824,154.282847510523,24493,137.59,2013-03-03
634.981647924329,465,213,24556,273.55,2013-03-04
4402,902,150,24401,121.89,2013-03-05
5539.28596249714,1098,147,24312,332.39,2013-03-06
7304.30068342573,1316,200,24200.4707429962,49.15,2013-03-07
5332,1217,171.30902211442,24152.370540069,507.43,2013-03-08
1547,813,149.405483015534,24299.4582469762,680.019466328377,2013-03-09
1011,613,147,24633,574.9,2013-03-10
3038,962,144,24479,522.72,2013-03-11
3533,1886,115,24340,155.09,2013-03-12
529,800,90,24678,216.35,2013-03-13
2773.84499769318,1462,91,24663,355.88,2013-03-14
6181,1586,125,24489,44.2,2013-03-15
6303.70668106131,1397,202,24539,303.52,2013-03-16
7631.27110893268,1569,202,24197,80,2013-03-17
1042.19446225424,776,189,24158,573.491144976691,2013-03-18
1348,1901.5,48,24339,271.29,2013-03-19
1558,1732,60,24555,288.73,2013-03-20
3783,1528,91,24264,377.71,2013-03-21
1548,985,142,24413,518.48,2013-03-22
1324,1201,99,24341,586.227635986482,2013-03-23
560,568,112,24527,237.81,2013-03-24
2711.46607508753,1071,122,24509,212.77,2013-03-25
4717,1273,171,24324,339.38,2013-03-26
2225,1111,259,24246,430.52,2013-03-27
890,478,193,24501,235.58,2013-03-28
2302,1102,131.010420122591,24524,152.4,2013-03-29
2270,1215,134.419615009846,24537,506.52,2013-03-30
4811,1924,123,24460,916.147748937403,2013-03-31
2296,1084,247,24400,219.48,2013-04-01
2799.24008556289,930,233,24418,314.23,2013-04-02
2963,1079,262,24289,589.54,2013-04-03
1999,1341,200,24348,460.026549743291,2013-04-04
1476,1403,205,24432,860.263745272448,2013-04-05
363,779,188,24405,219.52,2013-04-06
1919,1120.5,211,24190,933.657663689091,2013-04-07
463,518,228,24290,1108.17064227844,2013-04-08
274,518,212,24465,567.395333984656,2013-04-09
299,533,210,24463,382.045555796641,2013-04-10
449.964486978706,467,253,24436,146.805818106515,2013-04-11
1241,682,327,24303,114.41,2013-04-12
1422,837,391,24098,442.036257510507,2013-04-13
740,499,283,24246,410.31,2013-04-14
1638.98836934711,1007,298,24078,513.16,2013-04-15
1469.94220538032,922,334,24151,310.25,2013-04-16
1131,958,272,24273,684.37,2013-04-17
283,377,252,24537,278.44,2013-04-18
1311,1267,169,24580,549.8,2013-04-19
1885,1343,220,24501,444.29,2013-04-20
3141,1330,280,24437,484.54,2013-04-21
4118,1557,291,24340,405.366709769586,2013-04-22
4951,1782,283,24268,227.52,2013-04-23
1893,1170,363,24249,408.98,2013-04-24
414,421,404,24305,976.895785645655,2013-04-25
1738,733,395,24239,313.73,2013-04-26
1745,831,425,24247,530.05,2013-04-27
1721,1098,381,24240,298.08,2013-04-28
721,401,509,24279,522.600101678187,2013-04-29
514,310,497,24326,180.030538726324,2013-04-30
1097,802,412,24361,246.71,2013-05-01
1990,928,440,24288,726.84,2013-05-02
1539,1267,414,24392,236.39,2013-05-03
2079,1107,453,24391,751.31,2013-05-04
4471,1350,490,24382,370.86,2013-05-05
5143,1428,544,24337,173.33,2013-05-06
4295,1369,547,24353,320.03,2013-05-07
2983,1295,495,24328,616.01,2013-05-08
1193,1635,421,24233,459.21,2013-05-09
1170,1057,513,24032,191.7,2013-05-10
1277,750,514.634250364468,23881,430.86,2013-05-11
1174,448,525,23989,181.03,2013-05-12
2508,1015,488,24047,164.95,2013-05-13
1508,630,588,24177,481.46,2013-05-14
1620,937,522,24374,269.12,2013-05-15
1650,1188,498,24398,426.42,2013-05-16
2813.93899194974,1440,487,24280,325.88,2013-05-17
2128.29015040779,1556,495,24149,730.418264946855,2013-05-18
1308,1111,487,24009,578.201373269221,2013-05-19
1167,533,518,24012,684.25172366104,2013-05-20
2437,1011,549,23971,193.750204360275,2013-05-21
1505,938,550,24237,466.57,2013-05-22
2090,1139,538,24238,177,2013-05-23
2773,1444,558,24272,161.33,2013-05-24
1532,1265,578,24248,261.87,2013-05-25
2483,1877,499,24202,342.34,2013-05-26
1837,1855,474,24180,109.08,2013-05-27
2031.9260039289,1794,494,24119,292.38,2013-05-28
490,465,611,24205,827.204013356317,2013-05-29
1425,823,622,24139,378.245313551721,2013-05-30
2199,1157,605,24056,487.761670686352,2013-05-31
1756,993,601,24142,107.72,2013-06-01
3737,1606,528,24115,464.96,2013-06-02
3163,1246,622,24107,91.62,2013-06-03
3117,1765,501.151257789528,24272,336.69,2013-06-04
3527,2195,452.701530183219,24285,143.99,2013-06-05
3690,2220,461.553897205875,24245,118.01,2013-06-06
3292,2140,494,24195,84.94,2013-06-07
4195,2152,491,24178,67.46,2013-06-08
1362,2142,444.61618781409,24240,575.76,2013-06-09
773,1736,489,24296,145.2,2013-06-10
1487,1661,506,24193,186.4,2013-06-11
1631,1564,508,24183,320.46,2013-06-12
2578,1455,575,24189,266.87,2013-06-13
2596,1081,620,24188,950.572553574483,2013-06-14
3017,1289,606,24162,161.140560315189,2013-06-15
4187,1873,543,24081,208.82,2013-06-16
860,1375,617,24034,280.29,2013-06-17
1289,1241,671,23937,321.83,2013-06-18
1236,1115,699,24051,77.33,2013-06-19
2384.78634728227,1283,657,24156,121.63,2013-06-20
1862,1367,636,24214,419.75,2013-06-21
1435,1943,522,24196,283.41,2013-06-22
1652,1494,615,24085,186.33,2013-06-23
2611,1774,598,24049,391.95,2013-06-24
3057,2126,535,24006,80.88,2013-06-25
3786,1833,616,23926,350.03,2013-06-26
2225,1431,666,23944,91.2,2013-06-27
6893.41701775927,1923,610,24016,384.88,2013-06-28
2506,2095,555,24092,53.21,2013-06-29
4330,2028,605,24082,181.9,2013-06-30
3439,2053,597,23973,59.44,2013-07-01
419,1321,689,23876,695.399341469032,2013-07-02
764,1271,722,23883,233.74,2013-07-03
679,1385,676,23857,167.63,2013-07-04
555,1219,698,23943,340.64,2013-07-05
1463,1344,711,24010,511.53,2013-07-06
2217,1789,657,23999,327.54,2013-07-07
2191,2085,601,24046,82.68,2013-07-08
1999,2180,584,24071,54.93,2013-07-09
884,2048,571,24113,390.73,2013-07-10
990,1793,603,24132,679.97,2013-07-11
1745,1817,637,24129,231.59,2013-07-12
2585,1775,657,24155,351.47,2013-07-13
2100,1759,638,24173,621.14,2013-07-14
1500,2227,582,23979,339.31,2013-07-15
639,1403,658,23983,264.15,2013-07-16
1209.31201550451,1507,640,24116,268.61,2013-07-17
3239,1946,612,24103,650.69,2013-07-18
2966,1748,637,24045,137.11,2013-07-19
2367,1492,674,24084,47.34,2013-07-20
1701,1646,657,24107,211.4,2013-07-21
2390.90734813468,1625,638,24090,303.07,2013-07-22
1040,1369,655,23996,299.03,2013-07-23
960,1244,712,23981,328.92,2013-07-24
799,1154,713,24024,355.33,2013-07-25
1328,1600,622,24070,363.41,2013-07-26
2675,2072,590,24010,54.01,2013-07-27
1401,1370,719,23991,138.57,2013-07-28
1662,1635,685,23990,90.67,2013-07-29
2396,1628,686,23932,194.01,2013-07-30
1059,1671,631,23989,188.2,2013-07-31
1118,1950,556,24074,60.8,2013-08-01
1659,1693,620,24124,91.14,2013-08-02
834,1306,662,24077,292.87,2013-08-03
1976,1698,649,23993,219.52,2013-08-04
1090,1645,624,23949,133.71,2013-08-05
3011,1823,681,23975,143.03,2013-08-06
753,1749,618,24047,404.02,2013-08-07
775,1445,674,23992,224.85,2013-08-08
896,1368,686,24013,350.5,2013-08-09
2133,1643,690,24102,119.28,2013-08-10
2935,1896,660,24134,146.21,2013-08-11
1302,1801,639,24110,736,2013-08-12
1873,1702,674,24104,210.48,2013-08-13
1499,1678,680,24089,319.21,2013-08-14
2544,1774,705,24055,454.78,2013-08-15
2560,1950,677,23936,186.87,2013-08-16
933,1016,744,24014,620.14743876434,2013-08-17
381.201838357364,1079,674,24183,77.78,2013-08-18
619,1195,652,24236,118.48,2013-08-19
2287.57275299822,1765,612,24212,120.74,2013-08-20
2423,1686,624,24181,272.25,2013-08-21
2899.80997523979,1877,569,24204,115.33,2013-08-22
1400,1380,647,24209,249.37,2013-08-23
945,1253,637,24212,176.66,2013-08-24
1051,1272,650,24150,230.67,2013-08-25
1301,1333,648,24129,369.23,2013-08-26
1288,1679,581,24172,771.803972637341,2013-08-27
1829,1937,554,23994,379.28,2013-08-28
768,1136,594,24050,658.73074173857,2013-08-29
482.625260955914,1009,548,24276,324.6,2013-08-30
591,1159,540,24277,111.77,2013-08-31
1179,1334,547,24315,101.03,2013-09-01
1448,1471,530,24370,124.77,2013-09-02
2441,1627,541,24381,126.06,2013-09-03
1893,1892,491,24379,155.61,2013-09-04
622,1622,497,24339,341.6,2013-09-05
1927,1608,505,24379,157.73,2013-09-06
1961,1478,528,24393,89.38,2013-09-07
2602,1687,512,24387,51.75,2013-09-08
2102,1727,511,24304,281.72,2013-09-09
1612,1328,549,24285,319.74,2013-09-10
1733,1435,515,24338,323.73,2013-09-11
3619,1629,530,24275,318.38,2013-09-12
2731.86513832125,1988,475,24147,269.28,2013-09-13
1656,1417,556,24193,156.51,2013-09-14
576,965,489,24322,156.92,2013-09-15
1452,1529,490,24275,134.03,2013-09-16
2488,1930,480,24349,47.77,2013-09-17
2773,1920,514,24445,84.04,2013-09-18
2970,1837,523,24315,103.67,2013-09-19
1563,1512,529,24359,160.44,2013-09-20
1234,1379,548,24363,232.45,2013-09-21
2296,1789,485,24357,35.68,2013-09-22
932,1552,389,24429,545.649052037237,2013-09-23
352,1216,346,24520,303.89,2013-09-24
435,809,395,24486,211,2013-09-25
1504.74140174791,1327,379,24400,115.37,2013-09-26
4649,1587,386,24273,144.42,2013-09-27
5924,1647,381,24264,80.45,2013-09-28
5439,1807,414,24410,337.97,2013-09-29
3546,1803,455,24441,171.1,2013-09-30
1715,1806,434,24403,100.54,2013-10-01
469,1212,394,24496,182.76,2013-10-02
1465,1533,358,24430,160.87,2013-10-03
4036,1750,388,24335,90.29,2013-10-04
7344,1780,406,24459,87.15,2013-10-05
5122,1959,385,24534,47.28,2013-10-06
2191,1411,436,24532,193.1,2013-10-07
1635.49441762618,1411,404,24471,172.9,2013-10-08
3516,1773,353,24261,54.49,2013-10-09
1958,1178,406,24253,530.986920015783,2013-10-10
1423,1170,354,24362,63.02,2013-10-11
1691,1351,372,24428,182.32,2013-10-12
1376,1536,363,24445,79.56,2013-10-13
908,1158,292,24623,439.29,2013-10-14
559,895,224,24728,102.38,2013-10-15
1537,1104,259,24608,209.63,2013-10-16
3908,1446,252,24623,206.92,2013-10-17
5956,1564,265,24593,82.22,2013-10-18
1632,951,340,24602,634.47083425851,2013-10-19
710,876,304,24593,99.69,2013-10-20
2404,1369,258,24550,104.02,2013-10-21
3403.86518380164,1579,259,24522,129.64,2013-10-22
618,866,241,24532,451.321993980649,2013-10-23
570,666,252,24639,907.503641936702,2013-10-24
1135,893,277,24646,457.612038216198,2013-10-25
1761,1132,223,24538,379.98,2013-10-26
5485,1575,199,24422,48.68,2013-10-27
7544,1560,245,24466,266.44,2013-10-28
717,1188,232,24661,103.28,2013-10-29
2371,1423,176,24668,64.77,2013-10-30
4017,1522,188,24654,147.05,2013-10-31
5208,1671,192,24626,74.62,2013-11-01
6883,1796,200,24534,160.81,2013-11-02
1139,888,304,24576,458.734941326629,2013-11-03
1278,1045,231,24668,87.13,2013-11-04
4883,1360,208,24496,44.63,2013-11-05
2728,1027,234,24417,493.943797046585,2013-11-06
1068,665,209,24499,229.008069651938,2013-11-07
3905,1283,154,24490,39.33,2013-11-08
2325,946,232,24566,330.71,2013-11-09
464,217,122,24702,660.102671469712,2013-11-10
999,704,144,24672,199.8,2013-11-11
1500,971,167,24594,105.49,2013-11-12
4759,1484,120,24509,44.18,2013-11-13
1585,783,202,24446,438.15,2013-11-14
2841,977,171,24409,117.12,2013-11-15
1136,603,197,24452,640.44588816019,2013-11-16
332,624,126,24585,762.972574214239,2013-11-17
281,420,115,24640,642.953916166626,2013-11-18
1090.07780015395,571,73,24599,144.37,2013-11-19
1863,874,127,24559,185.89,2013-11-20
3144,1044,125,24620,84.37,2013-11-21
4180,1039,127,24583,223.11,2013-11-22
5242.46280916259,1091,157,24481,100.5,2013-11-23
2255,792,151,24370,316.45,2013-11-24
578,483,110,24416,871.549853562065,2013-11-25
629,621,96,24453,550.904414830569,2013-11-26
178,307,54,24646,1118.86528067997,2013-11-27
652,261,99,24628,486.645833211836,2013-11-28
1429,565,159,24480,167.836170963416,2013-11-29
833,612,100,24545,192.59,2013-11-30
2033,753,134,24555,82.66,2013-12-01
3278,902,111,24453,84.02,2013-12-02
2154,666,185.779531453799,24518,246.75,2013-12-03
2706,893,137,24472,95.24,2013-12-04
1183,639,119,24566,88.51,2013-12-05
3958,1118,110,24470,41.05,2013-12-06
8329.55561657447,1610,70,24477,53.18,2013-12-07
5146,1123,122,24493,415.637867802526,2013-12-08
467,592,72,24573,574.506127202009,2013-12-09
654,765,85,24473,398.052052052888,2013-12-10
739,489,79,24466,273.124307322434,2013-12-11
545,539,75,24517,464.575671976746,2013-12-12
1669,610,111,24613,89.39,2013-12-13
1510,596,112,24689,162.21,2013-12-14
1425,536,76,24800,89.83,2013-12-15
4401,991,87,24747,67.39,2013-12-16
1860,708,41,24795,337.56,2013-12-17
1351,722,117,24783,392.07,2013-12-18
990,817,129,24738,236.41,2013-12-19
855.741629607107,797,108,24825,144.41,2013-12-20
2191,737,87,24844,164.04,2013-12-21
4349,1134,121,24776,92.95,2013-12-22
3498,951,128,24769,265.08,2013-12-23
7577.93557805712,1389,113,24817,41.47,2013-12-24
4083,1096,116,24680,798.860300372697,2013-12-25
351,421,63,24817,1009.64343387409,2013-12-26
783,515,62,24729,279.898209059658,2013-12-27
545.74314470625,453,48,24629,835.728867659837,2013-12-28
1050.72411286081,374,77,24461,294.09,2013-12-29
942.464917055493,287,100,24377,580.28294825637,2013-12-30
1184,425,144,24318.990684035,480.725165505874,2013-12-31
1402,414,161,24347,517.761505585738,2014-01-01
4023,1200,83,24440,85.67,2014-01-02
1307,785,82,24531,143.92,2014-01-03
3717,1620,64,24549,70.18,2014-01-04
2434,1237,98,24583,365.69,2014-01-05
3710,1725,22,24624,248.53,2014-01-06
2709,1112,72,24645,229.71,2014-01-07
514,507,83,24807,617.7,2014-01-08
795,466,112,24763,523.08,2014-01-09
1951,633,154,24738,95.64,2014-01-10
3663,710,139,24728,84,2014-01-11
644.031668617346,432,79,24857,303.03,2014-01-12
3069,847,150,24764,46.42,2014-01-13
2867,829,120,24813,108.16,2014-01-14
4510.80793478533,894,120,24746,105.89,2014-01-15
8412.79715791311,1440,68,24670,100.14,2014-01-16
3708,982,66,24752,432.19,2014-01-17
1842,648,83,24784,403.285815564135,2014-01-18
2994,1203,53,24596,271.73,2014-01-19
246,412,37,24710,1120.02904872308,2014-01-20
1133,482,77,24769,229.907918786297,2014-01-21
4211.06242714978,783,124,24566,79.09,2014-01-22
6922,1049,100,24403,37.95,2014-01-23
3657,679,114,24415,255.27,2014-01-24
809,532,63,24648,225.73,2014-01-25
1416,1193,57,24699,382.35,2014-01-26
2308,1036,128,24459,373.4,2014-01-27
1118,727,69,24666,467.55,2014-01-28
3583,1507,86,24358,103.65,2014-01-29
1712,729,91,24427,301.73,2014-01-30
3770.3082936958,1432,53,24464,258.31,2014-01-31
3722,1519,64,24384,229.4,2014-02-01
1654,876,108,24361,653.339988140057,2014-02-02
171,162,47,24645,694.749571790692,2014-02-03
719,214,76,24711,592.636382251632,2014-02-04
2492,795,104,24689,129.06,2014-02-05
3438,1099,73,24718,55.38,2014-02-06
2469,1785,81,24656,908.67,2014-02-07
1344,1326,83,24668,494.213138863383,2014-02-08
323,692,141,24875,435.590615116929,2014-02-09
629,842,152,24841,350.05,2014-02-10
3150,1194,149,24679,108.16,2014-02-11
3494,953,110,24775,240.99,2014-02-12
5063,1257,53,24836,916.720410069582,2014-02-13
6545.59085558628,1554,97,24635,49.96,2014-02-14
8431.25062348265,1541,85,24586,85.41,2014-02-15
6356,1225,100,24698,347.84,2014-02-16
1819,892,55,24834,339.31,2014-02-17
1732.75484512795,1068,54,24772,466.75,2014-02-18
1916,1032,89,24688,166.72,2014-02-19
6619.7607676232,1729,46,24727,396.07,2014-02-20
7930,1629,71,24679,47.85,2014-02-21
8053,1404,72,24715,164.9,2014-02-22
7053.11883337395,1383,43,24739,130.35,2014-02-23
8462,1306,83,24658,66.53,2014-02-24
10437.2316272875,1501,85,24625,64.74,2014-02-25
8441.52014341432,1585,112,24548,99.18,2014-02-26
489,500,107,24687,546.450979643122,2014-02-27
2464,1283,60,24638,92.51,2014-02-28
1995,761,146,24559,358.89,2014-03-01
3891,1074,103,24539,191.74,2014-03-02
5845,1461,52,24527,142.16,2014-03-03
1183,591,105,24626,878.232528218877,2014-03-04
597,443,124,24677,406.844778140387,2014-03-05
489,246,94,24715,302.66,2014-03-06
1476,660,110,24705,181.54,2014-03-07
4218,1096,90,24562,158.79,2014-03-08
2874,982,109,24623,247.71,2014-03-09
2604,1175,94,24574,241.02,2014-03-10
4699,1037,170,24424,166.72,2014-03-11
460,358,170,24608,202.89,2014-03-12
534,318,168,24520,209.26,2014-03-13
597,200,266,24432,791.272712776842,2014-03-14
2750,576,264,24258,256.61,2014-03-15
2935,562,279,24358,313.23,2014-03-16
2060,677,307,24289,471.919430388942,2014-03-17
970,509,281,24526,628.81585989362,2014-03-18
1408,734,211,24541,196.781880875202,2014-03-19
244,313,282,24630,606.386718498137,2014-03-20
722.15288158369,297,354,24481,315.52,2014-03-21
1587,422,350,24420,248.07,2014-03-22
3808,745,300,24559,336.93,2014-03-23
5897,1073,309,24333,136.65,2014-03-24
5381,1021,353,24242,146.97,2014-03-25
7586.12001027692,1320,372,24242,118.23,2014-03-26
6178,1354,322,24271,145.2,2014-03-27
3635,1288,382,24187,166.18,2014-03-28
931,968,392,24304,126.96,2014-03-29
823,653,433,24360,185.53,2014-03-30
3727,963,412,24364,414.79,2014-03-31
3127,1159,383,24291,147.43,2014-04-01
2531,929,391,24348,345.95,2014-04-02
561,349,337,24557,438.9,2014-04-03
775,545,333,24357,259.23,2014-04-04
636,515,319,24526,198.91,2014-04-05
1387,630,375,24417,443.3,2014-04-06
2399,781,395,24314,102.71,2014-04-07
4033,983,418,24316,283.82,2014-04-08
3068.88264918754,762,501.141244829618,24258,500.65,2014-04-09
2052.65190433087,722,375,24518,284.27,2014-04-10
1474,701,347,24455,189.66,2014-04-11
2871,818,354,24382,159.1,2014-04-12
3918,1062,390,24405,357.46,2014-04-13
5416.86503223361,1270,443,24382,261,2014-04-14
1600,939,435,24444,594.47,2014-04-15
1650,653,399,24336,62.05,2014-04-16
2850,1450,345,24302,134.16,2014-04-17
3425,1609,384,24459,385.32,2014-04-18
1536,1302,303,24498,447.91,2014-04-19
1638,1200,355,24392,243.6,2014-04-20
1219,859,423,24376,186.87,2014-04-21
1858,906,458,24316,398.81,2014-04-22
2909,1353,481,24245,927.51736194038,2014-04-23
2728,1417,475,24336,432.32,2014-04-24
2905,1273,467,24395,238.68,2014-04-25
949,1438,382,24480,239.17,2014-04-26
1616,1255,425,24484,256.58,2014-04-27
1659,1117,447,24451,143.9,2014-04-28
2537,1013,473,24314,263.29,2014-04-29
2685,1203,507,24211,417.45,2014-04-30
2918,1311,495,24188,941.4,2014-05-01
907,683,410,24371,186.452529808341,2014-05-02
1946,970,386,24302,507.623688037154,2014-05-03
1138,461,342,24417,703.010291408837,2014-05-04
1119,674,333,24411,203.86,2014-05-05
2436,1070,378,24203,88.05,2014-05-06
2146,966,454,24147,403.77764461381,2014-05-07
2106,1338,418,24336,383.37,2014-05-08
1623,1077,424,24352,712.57,2014-05-09
1305,1122,413,24382,165.038747666224,2014-05-10
736,2035,289,24161,359.93,2014-05-11
1136,1306,501,24007,472.712292785694,2014-05-12
1408,1019,540,23998,495.026251638796,2014-05-13
549,603,465,24121,589.090471239617,2014-05-14
2061,935,489,24004,328.92,2014-05-15
1798,764,558,24158,181.9,2014-05-16
1625,890,530,24295,414.68,2014-05-17
2470,1019,564,24200,513.54,2014-05-18
2709,1595,539,24109,247.65,2014-05-19
1931.51871201308,1090,597,24095,278.95,2014-05-20
2448,1277,578,24127,242.28,2014-05-21
3275,1176,648,24146,610.19,2014-05-22
1942,1002,671,24231,670.551985241046,2014-05-23
2151,1970,500,24189,328.27,2014-05-24
1714,1198,549,24153,407.442775411819,2014-05-25
490,737,633,23982,302.98,2014-05-26
718,642,639,23901,522.462388541807,2014-05-27
754,727,676,24007,478.326948979626,2014-05-28
1124,832,725,23946,104.055881634516,2014-05-29
2183,926,688,24133,505.51,2014-05-30
2778,1210,648,24172,249.38,2014-05-31
1217,1571,575,24200,265.15,2014-06-01
802,1306,539,24271,83.61,2014-06-02
995,1143,613,24183,400.95,2014-06-03
1559.40873506322,1243,617,24144,240.87,2014-06-04
1642.83825945598,1163,670,24100,126.48,2014-06-05
1280.93077194635,1797,522.489399527984,24108,253.46,2014-06-06
312.990091453389,1245,542,24093,401.93,2014-06-07
888.11904017928,1564,518.230337843966,24050,75.97,2014-06-08
796.072280909179,1416,531,24107,105.92,2014-06-09
1873,1705,508,24207,97.41,2014-06-10
1054,1337,584,24231,120.71,2014-06-11
759,1126,666,24144,101.05,2014-06-12
1433,1567,597,24175,82.66,2014-06-13
1140,1555,608,24151,174.35,2014-06-14
2776,1494,637,24101,169.45,2014-06-15
3324,1762,602,24049,113.48,2014-06-16
1821,1943,524,24056,165.42,2014-06-17
1838.80366449994,1604,588,24062,187.27,2014-06-18
2972,1766,570,24106,411.04,2014-06-19
1101,1753,551,24168,172.17,2014-06-20
1309,1726,544,24203,203.87,2014-06-21
811,1733,542,24209,98.74,2014-06-22
553,1360,604,24184,294.58,2014-06-23
1298,1398,630,24101,324.82,2014-06-24
2332,1659,594,24074,680.07,2014-06-25
2804,1662,646,24068,300.43,2014-06-26
413,1014,683,24146,209.7,2014-06-27
486,962,704,24126,431.77,2014-06-28
1194,1155,688,24137,272.65,2014-06-29
1671,1170,707,24132,304.76,2014-06-30
2438,1420,668,24104,653.03,2014-07-01
1668,2071,554,24074,63.41,2014-07-02
5220,1911,619,24024,153.83,2014-07-03
4781,1803,662,24104,192.07,2014-07-04
2911,1785,646,24158,196.24,2014-07-05
4591,1866,653,24118,1045.62759834617,2014-07-06
3597,1728,662,24066,610.690187628468,2014-07-07
1953,1422,676,24046,67,2014-07-08
591,1224,654,24094,159.63,2014-07-09
753,1095,719,23992,353.66,2014-07-10
740,1116,701,23990,130.47,2014-07-11
366.61996313975,848,703,24053,381.19,2014-07-12
532,1089,673,24050,114.88,2014-07-13
718,1174,691,24049,170.73,2014-07-14
1250,1237,677,24083,554.37,2014-07-15
2647,1794,620,24085,140.34,2014-07-16
3523,1831,617,24136,102.33,2014-07-17
2778,1639,698,24161,139.89,2014-07-18
1470,1490,761,24189,292.66,2014-07-19
1453,1467,761,24114,627.182973670333,2014-07-20
597,1258,740,24043,336.847754022197,2014-07-21
351.151862286304,1162,673,24146,247.2,2014-07-22
594,1210,672,24090,185.95,2014-07-23
1679,1687,622,24125,73.75,2014-07-24
1756,1398,656,24136,310.24,2014-07-25
2232,1273,697,24188,359.76,2014-07-26
2342,1195,707,24190,670.58,2014-07-27
2461,1354,718,24093,957.80797045995,2014-07-28
2568,1425,712,24070,927.724599061491,2014-07-29
3310,1967,602,24126,228.902970177256,2014-07-30
4312,1815,651,24164,417.7,2014-07-31
3066,1766,670,24148,256.71,2014-08-01
2319,1775,701,24075,101.39,2014-08-02
2470,1782,700,24021,65.65,2014-08-03
768,1920,576,24098,185.53,2014-08-04
547,1617,604,24155,214.65,2014-08-05
882,1358,667,24170,227.57,2014-08-06
1478,1375,643,24213,248.03,2014-08-07
1417,1382,637,24202,403.73,2014-08-08
1870,1516,622,24141,428.36,2014-08-09
873,1534,629,24069,122.05,2014-08-10
538,1172,673,24098,193.15,2014-08-11
626,1092,649,24134,90.77,2014-08-12
648,2057,488.666165257573,24196,67.48,2014-08-13
682,1628,565,24180,211.89,2014-08-14
1042,1632,585,24153,72.83,2014-08-15
1569,1513,633,24180,99.65,2014-08-16
1154,1494,622,24234,214.65,2014-08-17
1367.66460872024,1526,612,24278,295.93,2014-08-18
1853,1486,641,24264,359.72,2014-08-19
2309.96881598659,1471,657,24204,679.98,2014-08-20
2821,1573,650,24166,244.09,2014-08-21
1397,1715,592,24177,60.76,2014-08-22
2826,1667,648,24121,109.89,2014-08-23
475,1401,630,24164,163.6,2014-08-24
379,1164,625,24259,155.14,2014-08-25
560,1012,640,24305,165.88,2014-08-26
1357,1215,625,24311,133.66,2014-08-27
2010,1609,579,24338,84.01,2014-08-28
2068,1901,543,24368,47.34,2014-08-29
3581,2071,549,24351,50.02,2014-08-30
2147,2097,540,24311,72.84,2014-08-31
2697,2160,530,24304,88.08,2014-09-01
613,2171,488,24253,58.12,2014-09-02
316,1466,554,24221,205.64,2014-09-03
1042,1520,584,24118,184.15,2014-09-04
2306,1702,572,24221,356.35,2014-09-05
3230,1818,589,24260,237.87,2014-09-06
3394,1757,599,24182,399.71,2014-09-07
214,1070,554,24238,170.76,2014-09-08
955,1444,526,24237,163.18,2014-09-09
1660,1524,548,24326,239.57,2014-09-10
2282,1749,527,24332,79.5,2014-09-11
1634,1889,514,24351,112.63,2014-09-12
1548,1662,533,24343,306.64,2014-09-13
1070,1476,478,24407,128.68,2014-09-14
434,1105,491,24436,217.17,2014-09-15
1095.59990928476,1538,418,24438,78.22,2014-09-16
880,1572,435,24485,116.68,2014-09-17
1653,1446,469,24462,227.6,2014-09-18
2431.23730720522,1804,445,24296,145.29,2014-09-19
3329,1836,506,24241,52.27,2014-09-20
2153,1631,509,24403,253.15,2014-09-21
2613,1961,484,24440,132.36,2014-09-22
1536.38964686874,2249,433,24415,137.22,2014-09-23
804,1862,480,24387,118,2014-09-24
2910,2109,442,24391,74.67,2014-09-25
3367,2049,454,24271,203.9,2014-09-26
854,1609,443,24381,82.25,2014-09-27
1605,1861,432,24387,151.95,2014-09-28
1256,1476,427,24455,194.87,2014-09-29
679,1210,299,24625,259.83,2014-09-30
1985,1963,281,24394,112.18,2014-10-01
1618,1941,357,24313,156.56,2014-10-02
3080,2043,359,24417,55.36,2014-10-03
2029,2202,351,24457,236.52,2014-10-04
812,1534,363,24583,239.56,2014-10-05
864,1435,320,24583,157.32,2014-10-06
3662,1788,324,24474,54.02,2014-10-07
7412,2010,356,24457,49.54,2014-10-08
9089.07042359065,2065,383,24467,33.9,2014-10-09
7707,2032,401,24523,71.06,2014-10-10
4422,1875,407,24525,257.01,2014-10-11
163,977,355,24729,518.15,2014-10-12
400,1082,235,24651,417.52,2014-10-13
1244,1258,293,24460,187.22,2014-10-14
1177,1125,331,24369,488.244065336472,2014-10-15
1023,1101,294,24500,420.93,2014-10-16
2822,1445,318,24384,75.49,2014-10-17
5078,1639,356,24393,69.23,2014-10-18
6575,1835,391,24344,129.61,2014-10-19
5073.24783394516,2054,356,24437,166.7,2014-10-20
1085,1156,286,24587,392.45,2014-10-21
2277,1673,242,24537,95.99,2014-10-22
3534,1775,300,24363,42.83,2014-10-23
6428,2063,292,24272,113.15,2014-10-24
8776.00290045899,2119,322,24274,99.72,2014-10-25
1716,869,332,24573,560.434550843754,2014-10-26
792,731,238,24758,360.16,2014-10-27
1664,1519,219,24651,66.95,2014-10-28
3254,1711,257,24576,71.84,2014-10-29
4564,1719,293,24542,39.72,2014-10-30
4452,1887,314,24491,65.21,2014-10-31
1037,1258,280,24463,612.561791332363,2014-11-01
191,551,260,24549,704.775137022782,2014-11-02
653,1116,230.000000003,24483,106.76,2014-11-03
3161,1611,167,24375,72.8,2014-11-04
1682,1071,267,24424,315.59,2014-11-05
358.121334006451,821,171,24710,494.4,2014-11-06
1274,1321,112,24761,54.36,2014-11-07
1926,1565,126,24667,120.25,2014-11-08
1572,1364,160,24609,180.6,2014-11-09
1952,1235,175,24516,128.79,2014-11-10
1049,982,206,24446,825.365533492153,2014-11-11
157,409,131,24608,530.111145274243,2014-11-12
671.286073064479,720,156,24599,278.03,2014-11-13
1108,893,135,24633,168.16,2014-11-14
4171,1221,98,24664,71.92,2014-11-15
2676,1170,152,24625,561.325397291607,2014-11-16
641,850,153,24734,299.104339946314,2014-11-17
2184,1172,126,24697,140.33,2014-11-18
7849,1726,75,24552,36.16,2014-11-19
7776.25249691583,1916,74,24421,60.28,2014-11-20
2784.8408744615,1253,142,24495,136.8,2014-11-21
1154,948,136,24642,291.59,2014-11-22
3206,1892,88,24612,100.6,2014-11-23
2157,1257,121,24644,204.76,2014-11-24
4389,1709,87,24496,97.36,2014-11-25
7233.37967877825,1953,82,24394,55.33,2014-11-26
1494,716,132,24569,228.43,2014-11-27
2474,1163,114,24499,326.77,2014-11-28
7260,2079,63,24496,86.67,2014-11-29
2000,1010,100,24559,887.239399660066,2014-11-30
328,516,85,24762,708.032531982003,2014-12-01
1351,767,120,24668,141.312486872235,2014-12-02
497,540,75,24639,800.500817985567,2014-12-03
216,463,58,24657,569.063509134745,2014-12-04
1126.66048310538,633,98,24653,349.52,2014-12-05
1655,835,97,24631,101.06,2014-12-06
1242,970,52,24642,517.318866437428,2014-12-07
2097.09008824195,1051,94,24813,112.406011108091,2014-12-08
8332.32416562747,1564,71,24812,54,2014-12-09
3138,1198,74,24672,372.129032114218,2014-12-10
585,645,57,24751,209.11478476352,2014-12-11
333,603,55,24671,808.751264993921,2014-12-12
1232,974,120,24675,76.8,2014-12-13
2459,974,113,24625,101.96,2014-12-14
1969,769,62,24678,753.80430278066,2014-12-15
270,655,79,24751,605.672770989877,2014-12-16
2516,888,102,24689,92.3334760768762,2014-12-17
4156,1454,98,24679,114.42,2014-12-18
1599,967,81,24596,970.633150675033,2014-12-19
216.07114937008,645,59,24725,966.979856041181,2014-12-20
493,629,63,24661,410.423909595496,2014-12-21
2375,998,138,24560,103.59,2014-12-22
2316,1002,124,24501,263.36,2014-12-23
346,762,78,24756,621.983912532159,2014-12-24
721,878,78,24794,267.923204031564,2014-12-25
4156,1435,83,24761,49.02,2014-12-26
5950,1375,107,24668,222.68,2014-12-27
4714,1061,114,24479,262.77,2014-12-28
3643,1021,144,24330,192,2014-12-29
927,753,91,24459,234.68,2014-12-30
251,489,50,24771,981.639673304988,2014-12-31
